0,1,端末試験用 V2
0,2,端末試験用 V2-01
0,3,端末試験用 V2-02
0,4,端末試験用 V3-01-1
0,5,端末試験用 V3-01-2
0,6,端末試験用 V4-01
0,7,端末試験用 V4-01-A
1,1,東京
1,2,有楽町
1,3,新橋
1,4,浜松町
1,5,田町
1,6,高輪ゲートウェイ
1,7,品川
1,8,大井町
1,9,大森
1,b,蒲田
1,d,川崎
1,e,鶴見
1,10,新子安
1,11,東神奈川
1,12,横浜
1,14,保土ヶ谷
1,15,東戸塚
1,16,戸塚
1,18,大船
1,19,藤沢
1,1a,辻堂
1,1b,茅ヶ崎
1,1d,平塚
1,1e,大磯
1,20,二宮
1,21,国府津
1,22,鴨宮
1,23,小田原
1,25,早川
1,26,根府川
1,28,真鶴
1,29,湯河原
1,2b,熱海
1,33,函南
1,35,三島
1,37,沼津
1,38,片浜
1,39,原
1,3b,東田子の浦
1,3c,吉原
1,3e,富士
1,40,富士川
1,41,新蒲原
1,42,蒲原
1,43,由比
1,45,興津
1,47,清水
1,49,草薙
1,4b,東静岡
1,4c,静岡
1,4e,安倍川
1,4f,用宗
1,51,焼津
1,52,西焼津
1,53,藤枝
1,55,六合
1,56,島田
1,58,金谷
1,5a,菊川
1,5c,掛川
1,5d,愛野
1,5e,袋井
1,5f,御厨
1,60,磐田
1,61,豊田町
1,62,天竜川
1,64,浜松
1,66,高塚
1,68,舞阪
1,69,弁天島
1,6a,新居町
1,6b,鷲津
1,6d,新所原
1,6e,二川
1,70,豊橋
1,72,西小坂井
1,73,愛知御津
1,74,三河大塚
1,75,三河三谷
1,76,蒲郡
1,77,三河塩津
1,78,三ヶ根
1,79,幸田
1,7c,岡崎
1,7d,西岡崎
1,7e,安城
1,7f,三河安城
1,80,東刈谷
1,81,野田新町
1,82,刈谷
1,83,逢妻
1,84,大府
1,86,共和
1,87,南大高
1,88,大高
1,8a,笠寺
1,8c,熱田
1,8d,金山
1,8e,尾頭橋
1,90,名古屋
1,92,枇杷島
1,94,清洲
1,96,稲沢
1,99,尾張一宮
1,9b,木曽川
1,9e,岐阜
1,9f,西岐阜
1,a1,穂積
1,a3,大垣
1,a6,垂井
1,a8,関ケ原
1,aa,柏原
1,ab,近江長岡
1,ad,醒ヶ井
1,af,米原
1,b1,彦根
1,b2,南彦根
1,b3,河瀬
1,b5,稲枝
1,b6,能登川
1,b8,安土
1,ba,近江八幡
1,bc,篠原
1,be,野洲
1,c0,守山
1,c1,栗東
1,c2,草津
1,c3,南草津
1,c5,瀬田
1,c6,石山
1,c7,膳所
1,c8,大津
1,ca,山科
1,cc,京都
1,cd,西大路
1,cf,桂川
1,d0,向日町
1,d2,長岡京
1,d5,山崎
1,d6,島本
1,d8,高槻
1,db,摂津富田
1,dd,茨木
1,e0,千里丘
1,e1,岸辺
1,e2,吹田
1,e5,東淀川
1,e6,新大阪
1,e8,大阪
1,ea,塚本
1,ec,尼崎
1,ee,立花
1,ef,甲子園口
1,f1,西宮
1,f2,さくら夙川
1,f3,芦屋
1,f4,甲南山手
1,f6,摂津本山
1,f7,住吉
1,f8,六甲道
1,fa,灘
1,fb,三ノ宮
1,fc,元町
1,fd,神戸
2,1,東京
2,2,神田
2,3,秋葉原
2,4,御徒町
2,6,上野
2,7,鴬谷
2,8,日暮里
2,9,西日暮里
2,b,田端
2,c,上中里
2,d,王子
2,e,東十条
2,10,赤羽
2,11,川口
2,12,西川口
2,13,蕨
2,15,南浦和
2,16,浦和
2,17,北浦和
2,18,与野
2,19,さいたま新都心
2,1a,大宮
2,1b,土呂
2,1c,東大宮
2,1e,蓮田
2,20,白岡
2,21,新白岡
2,22,久喜
2,23,東鷲宮
2,24,栗橋
2,26,古河
2,27,野木
2,28,間々田
2,2a,小山
2,2c,小金井
2,2d,自治医大
2,2e,石橋
2,30,雀宮
2,32,宇都宮
2,34,岡本
2,35,宝積寺
2,36,氏家
2,37,蒲須坂
2,39,片岡
2,3a,矢板
2,3b,野崎
2,3c,西那須野
2,3e,那須塩原
2,3f,黒磯
2,40,高久
2,41,黒田原
2,43,豊原
2,44,白坂
2,45,新白河
2,46,白河
2,48,久田野
2,49,泉崎
2,4a,矢吹
2,4b,鏡石
2,4d,須賀川
2,4e,安積永盛
2,4f,郡山
2,50,日和田
2,52,五百川
2,53,本宮
2,54,杉田
2,55,二本松
2,57,安達
2,58,松川
2,59,金谷川
2,5b,南福島
2,5c,福島
2,5e,東福島
2,5f,伊達
2,60,桑折
2,61,藤田
2,63,貝田
2,64,越河
2,66,白石
2,67,東白石
2,68,北白川
2,69,大河原
2,6b,船岡
2,6c,槻木
2,6d,岩沼
2,6e,館腰
2,6f,名取
2,70,南仙台
2,71,太子堂
2,72,長町
2,73,仙台
2,75,東仙台
2,76,岩切
2,77,陸前山王
2,78,国府多賀城
2,79,塩釜
2,7a,松島
2,7b,愛宕
2,7c,品井沼
2,7e,鹿島台
2,7f,松山町
2,80,小牛田
2,82,田尻
2,84,瀬峰
2,85,梅ヶ沢
2,86,新田
2,88,石越
2,89,油島
2,8a,花泉
2,8b,清水原
2,8d,有壁
2,8f,一ノ関
2,90,山ノ目
2,91,平泉
2,92,前沢
2,94,陸中折居
2,95,水沢
2,96,金ヶ崎
2,97,六原
2,99,北上
2,9a,村崎野
2,9b,花巻
2,9c,花巻空港
2,9e,石鳥谷
2,9f,日詰
2,a0,古館
2,a1,矢幅
2,a3,岩手飯岡
2,a4,仙北町
2,a5,盛岡
2,a6,廚川
2,a8,滝沢
2,a9,渋民
2,aa,好摩
2,ab,岩手川口
2,ad,いわて沼宮内
2,ae,御堂
2,af,奥中山
2,b0,小繋
2,b2,小鳥谷
2,b3,一戸
2,b4,二戸
2,b5,斗米
2,b7,金田一温泉
2,b8,目時
2,b9,三戸
2,ba,諏訪ノ平
2,bc,剣吉
2,bd,苫米地
2,be,北高岩
2,bf,八戸
2,c1,陸奥市川
2,c2,下田
2,c3,向山
2,c4,三沢
2,c6,小川原
2,c7,上北町
2,c8,乙供
2,c9,千曳
2,ca,七戸十和田
2,cb,野辺地
2,cc,狩湯沢
2,cd,清水川
2,ce,小湊
2,d0,西平内
2,d1,浅虫温泉
2,d2,野内
2,d4,矢田前
2,d5,小柳
2,d6,東青森
2,d8,青森
2,fc,携帯端末
2,fd,モバイルSuica
2,fe,Suicaインターネットサービス
2,ff,臨時窓口
3,1,東京
3,2,神田
3,3,御茶ノ水
3,4,水道橋
3,6,飯田橋
3,7,市ヶ谷
3,8,四ツ谷
3,9,信濃町
3,b,千駄ヶ谷
3,c,代々木
3,d,新宿
3,e,大久保
3,10,東中野
3,11,中野
3,12,高円寺
3,13,阿佐ヶ谷
3,15,荻窪
3,16,西荻窪
3,17,吉祥寺
3,18,三鷹
3,1a,武蔵境
3,1b,東小金井
3,1c,武蔵小金井
3,1d,国分寺
3,1f,西国分寺
3,20,国立
3,22,立川
3,24,日野
3,25,豊田
3,27,八王子
3,28,西八王子
3,29,高尾
3,2a,相模湖
3,2c,藤野
3,2d,上野原
3,2e,四方津
3,2f,梁川
3,31,鳥沢
3,32,猿橋
3,33,大月
3,35,初狩
3,37,笹子
3,39,甲斐大和
3,3b,勝沼ぶどう郷
3,3c,塩山
3,3d,東山梨
3,3e,山梨市
3,40,春日居町
3,41,石和温泉
3,42,酒折
3,43,甲府
3,45,竜王
3,46,塩崎
3,47,韮崎
3,48,新府
3,49,穴山
3,4b,日野春
3,4c,長坂
3,4d,小淵沢
3,4e,信濃境
3,4f,富士見
3,50,すずらんの里
3,51,青柳
3,52,茅野
3,53,上諏訪
3,54,下諏訪
3,55,岡谷
3,58,みどり湖
3,5c,塩尻
3,5e,洗馬
3,5f,日出塩
3,60,贄川
3,61,木曽平沢
3,63,奈良井
3,64,藪原
3,65,宮ノ越
3,66,原野
3,68,木曽福島
3,69,上松
3,6a,倉本
3,6b,須原
3,6d,大桑
3,6e,野尻
3,6f,十二兼
3,70,南木曽
3,72,田立
3,73,坂下
3,74,落合川
3,75,中津川
3,77,美乃坂本
3,79,恵那
3,7b,武並
3,7d,釜戸
3,7f,瑞浪
3,81,土岐市
3,83,多治見
3,85,古虎渓
3,87,定光寺
3,89,高蔵寺
3,8b,神領
3,8c,春日井
3,8e,勝川
3,8f,新守山
3,91,大曽根
3,92,千種
3,93,鶴舞
4,1,大宮
4,3,宮原
4,5,上尾
4,6,北上尾
4,7,桶川
4,9,北本
4,b,鴻巣
4,c,北鴻巣
4,d,吹上
4,e,行田
4,f,熊谷
4,11,籠原
4,12,深谷
4,13,岡部
4,15,本庄
4,16,神保原
4,17,新町
4,19,倉賀野
4,1a,高崎
4,1b,北高崎
4,1c,群馬八幡
4,1d,安中
4,1e,磯部
4,20,松井田
4,21,西松井田
4,22,横川
4,23,軽井沢
4,25,中軽井沢
4,26,信濃追分
4,27,御代田
4,28,平原
4,2a,小諸
4,2b,滋野
4,2c,田中
4,2d,大屋
4,2e,上田
4,30,西上田
4,31,坂城
4,32,戸倉
4,33,屋代
4,35,篠ノ井
4,36,川中島
4,37,安茂里
4,38,長野
4,39,北長野
4,3a,三才
4,3b,豊野
4,3c,牟礼
4,3d,古間
4,3f,黒姫
4,40,妙高高原
4,41,関山
4,42,二本木
4,44,新井
4,45,北新井
4,46,脇野田
4,47,南高田
4,49,高田
4,4a,春日山
4,4b,直江津
4,4c,黒井
4,4e,犀潟
4,4f,土底浜
4,50,潟町
4,51,上下浜
4,53,柿崎
4,54,米山
4,55,笠島
4,56,青海川
4,58,鯨波
4,59,柏崎
4,5a,茨目
4,5b,安田
4,5d,北条
4,5e,越後広田
4,5f,長鳥
4,60,塚山
4,62,越後岩塚
4,63,来迎寺
4,64,前川
4,65,宮内
4,67,長岡
4,68,北長岡
4,69,押切
4,6a,見附
4,6c,帯織
4,6d,東光寺
4,6e,三条
4,6f,東三条
4,70,燕三条
4,71,保内
4,72,加茂
4,73,羽生田
4,74,田上
4,76,矢代田
4,77,古津
4,78,新津
4,79,さつき野
4,7a,荻川
4,7b,亀田
4,7c,越後石山
4,7d,新潟
5,1,上野
5,2,日暮里
5,3,三河島
5,4,南千住
5,6,北千住
5,7,綾瀬
5,8,亀有
5,9,金町
5,b,松戸
5,c,北松戸
5,d,馬橋
5,e,新松戸
5,10,北小金
5,11,南柏
5,12,柏
5,13,北柏
5,15,我孫子
5,16,天王台
5,18,取手
5,1a,藤代
5,1b,佐貫
5,1d,牛久
5,1e,ひたち野うしく
5,1f,荒川沖
5,21,土浦
5,23,神立
5,25,高浜
5,26,石岡
5,28,羽鳥
5,2a,岩間
5,2c,友部
5,2d,内原
5,2f,赤塚
5,30,偕楽園
5,31,水戸
5,33,勝田
5,34,佐和
5,35,東海
5,36,大甕
5,38,常陸多賀
5,39,日立
5,3a,小木津
5,3b,十王
5,3d,高萩
5,3e,南中郷
5,3f,磯原
5,40,大津港
5,42,勿来
5,43,植田
5,44,泉
5,45,湯本
5,47,内郷
5,48,いわき
5,4a,草野
5,4f,広野
5,52,竜田
5,5a,浪江
5,5f,原ノ町
5,61,鹿島
5,63,日立木
5,64,相馬
5,65,駒ヶ嶺
5,66,新地
5,68,坂元
5,69,山下
5,6a,浜吉田
5,6b,亘理
5,6c,逢隈
6,1,門司港
6,2,小森江
6,3,門司
6,6,小倉
6,7,西小倉
6,9,九州工大前
6,a,戸畑
6,b,枝光
6,c,スペースワールド
6,d,八幡
6,e,黒崎
6,10,陣原
6,11,折尾
6,12,水巻
6,13,遠賀川
6,15,海老津
6,17,教育大前
6,18,赤間
6,19,東郷
6,1a,東福間
6,1c,福間
6,1d,千鳥
6,1e,古賀
6,1f,ししぶ
6,20,新宮中央
6,21,福工大前
6,22,九産大前
6,23,香椎
6,24,千早
6,25,箱崎
6,26,吉塚
6,27,博多
6,28,竹下
6,29,笹原
6,2a,南福岡
6,2b,春日
6,2c,大野城
6,2d,水城
6,2e,都府楼南
6,2f,二日市
6,30,天拝山
6,31,天拝山
6,32,原田
6,33,けやき台
6,34,基山
6,35,弥生が丘
6,36,田代
6,37,鳥栖
6,39,肥前旭
6,3b,久留米
6,3d,荒木
6,3f,西牟田
6,41,羽犬塚
6,43,船小屋
6,45,瀬高
6,47,南瀬高
6,49,渡瀬
6,4a,吉野
6,4b,銀水
6,4d,大牟田
6,4f,荒尾
6,55,大野下
6,57,玉名
6,62,崇城大学前
6,63,上熊本
6,65,熊本
6,67,川尻
6,68,宇土
6,6c,小川
6,71,新八代
6,72,八代
6,91,川内
6,92,隈之城
6,96,串木野
6,9d,伊集院
6,9f,薩摩松元
6,a0,上伊集院
6,a1,広木
6,a2,鹿児島中央
6,a4,鹿児島
7,3,南小倉
7,4,城野
7,5,安部山公園
7,7,下曽根
7,9,朽網
7,b,苅田
7,d,小波瀬西工大前
7,e,行橋
7,f,南行橋
7,11,新田原
7,13,築城
7,15,椎田
7,17,豊前松江
7,19,宇島
7,1a,三毛門
7,1b,吉富
7,1c,中津
7,28,宇佐
7,2a,西屋敷
7,38,亀川
7,3b,別府
7,3e,西大分
7,3f,大分
7,46,坂ノ市
7,47,幸崎
7,59,高鍋
7,61,延岡
7,67,日向市
7,6b,美々津
7,6e,都農
7,6f,川南
7,70,高鍋
7,7a,宮崎
7,7b,南宮崎
7,7c,加納
7,7d,清武
7,86,都城
7,90,国分
7,91,隼人
7,97,重富
7,99,竜ケ水
9,2,坂田
9,3,田村
9,4,長浜
9,6,虎姫
9,7,河毛
9,8,高月
9,9,木ノ本
9,b,余呉
9,c,近江塩津
9,d,新疋田
9,f,敦賀
9,16,武生
9,17,鯖江
9,1c,福井
9,21,芦原温泉
9,26,加賀温泉
9,33,松任
9,37,金沢
9,3b,津幡
9,3c,倶利伽羅
9,3d,石動
9,3e,福岡
9,42,高岡
9,43,越中大門
9,44,小杉
9,48,富山
9,4f,魚津
9,50,黒部
9,5c,糸魚川
a,2,兵庫
a,3,新長田
a,4,鷹取
a,5,須磨海浜公園
a,7,須磨
a,8,塩屋
a,9,垂水
a,a,舞子
a,c,朝霧
a,d,明石
a,10,西明石
a,11,大久保
a,13,魚住
a,15,土山
a,17,東加古川
a,19,加古川
a,1b,宝殿
a,1d,曽根
a,1e,ひめじ別所
a,1f,御着
a,21,姫路
a,23,英賀保
a,24,はりま勝原
a,25,網干
a,27,竜野
a,28,相生
a,2a,有年
a,2b,上郡
a,2d,三石
a,2e,吉永
a,2f,和気
a,30,熊山
a,32,万富
a,34,瀬戸
a,35,上道
a,36,東岡山
a,37,高島
a,38,西川原
a,39,岡山
a,3a,北長瀬
a,3b,庭瀬
a,3c,中庄
a,3e,倉敷
a,3f,西阿知
a,41,新倉敷
a,43,金光
a,44,鴨方
a,45,里庄
a,47,笠岡
a,48,大門
a,49,東福山
a,4a,福山
a,4c,備後赤坂
a,4d,松永
a,4e,東尾道
a,4f,尾道
a,51,糸崎
a,53,三原
a,56,本郷
a,58,河内
a,59,入野
a,5b,白市
a,5c,西高屋
a,5d,西条
a,5f,八本松
a,60,瀬野
a,61,中野東
a,62,安芸中野
a,64,海田市
a,65,向洋
a,66,天神川
a,67,広島
a,68,横川
a,69,西広島
a,6b,新井口
a,6c,五日市
a,6e,廿日市
a,6f,宮内串戸
a,70,阿品
a,71,宮島口
a,72,前空
a,74,大野浦
a,76,玖波
a,78,大竹
a,79,和木
a,7a,岩国
a,7c,南岩国
a,85,柳井港
a,86,柳井
a,8e,下松
a,8f,櫛ヶ浜
a,91,徳山
a,9b,新山口
a,9c,嘉川
a,9d,本由良
a,9e,厚東
a,a1,小野田
a,a2,厚狭
a,a7,長府
a,aa,新下関
a,ac,幡生
a,ae,下関
b,3,丹波口
b,4,二条
b,6,円町
b,7,花園
b,8,太秦
b,9,嵯峨嵐山
b,b,保津峡
b,d,馬堀
b,e,亀岡
b,f,並河
b,10,千代川
b,12,八木
b,13,吉富
b,14,園部
b,22,綾部
b,23,高津
b,24,石原
b,26,福知山
b,2a,下夜久野
b,2b,上夜久野
b,2c,梁瀬
b,2d,和田山
b,31,江原
b,34,豊岡
b,35,玄武洞
b,36,城崎温泉
b,3c,鎧
b,3d,餘部
b,40,浜坂
b,48,鳥取
b,52,倉吉
b,61,伯耆大山
b,62,東山公園
b,63,米子
b,65,安来
b,66,荒島
b,67,揖屋
b,68,東松江
b,69,松江
b,6a,乃木
b,6b,玉造温泉
b,6c,来待
b,6d,宍道
b,6e,荘原
b,6f,直江
b,70,出雲市
b,71,西出雲
b,72,出雲神西
b,73,江南
b,74,小田
b,75,田儀
b,ac,長門市
b,c3,安岡
c,1,大阪
c,2,天満
c,3,桜ノ宮
c,4,京橋
c,5,大阪城公園
c,6,森ノ宮
c,7,玉造
c,8,鶴橋
c,9,桃谷
c,b,寺田町
c,c,天王寺
c,11,長居
c,17,三国ヶ丘
c,18,百舌鳥
c,19,上野芝
c,36,和歌山
c,37,宮前
c,38,紀三井寺
c,39,黒江
c,3a,海南
c,3b,冷水浦
c,44,湯浅
c,49,御坊
c,52,南部
c,53,芳養
c,54,紀伊田辺
c,58,白浜
c,70,紀伊勝浦
c,71,紀伊天満
c,72,那智
c,75,紀伊佐野
c,76,三輪崎
c,77,新宮
c,78,鵜殿
c,80,熊野市
c,81,大泊
c,84,新鹿
c,8b,尾鷲
c,90,紀伊長島
c,9e,多気
c,9f,徳和
c,a0,松阪
c,a2,六軒
c,a3,高茶屋
c,a4,阿漕
c,a5,津
c,a7,一身田
c,a8,下庄
c,a9,亀山
d,1,函館
d,3,五稜郭
d,5,桔梗
d,c,仁山
d,d,大沼
d,13,姫川
d,14,森
d,16,桂川
d,1f,八雲
d,20,鷲ノ巣
d,21,山崎
d,27,長万部
d,29,二股
d,32,ニセコ
d,33,比羅夫
d,34,倶知安
d,37,銀山
d,38,然別
d,3c,蘭島
d,3d,塩谷
d,3f,小樽
d,40,南小樽
d,42,小樽築港
d,43,朝里
d,46,銭函
d,48,ほしみ
d,49,星置
d,4a,稲穂
d,4b,手稲
d,4d,稲積公園
d,4e,発寒
d,4f,発寒中央
d,50,琴似
d,52,桑園
d,53,札幌
d,54,苗穂
d,56,白石
d,58,厚別
d,59,森林公園
d,5a,大麻
d,5c,野幌
d,5d,高砂
d,5e,江別
d,60,豊幌
d,62,幌向
d,64,上幌向
d,66,岩見沢
d,68,峰延
d,6c,美唄
d,73,滝川
d,74,江部乙
d,75,妹背牛
d,76,深川
d,7a,近文
d,7c,旭川
d,7e,南永山
d,7f,東旭川
d,8b,東雲
d,8d,上川
d,92,上白滝
d,93,白滝
d,b1,網走
e,d,富良野
e,11,下金山
e,12,金山
e,15,幾寅
e,16,落合
e,17,新得
e,18,十勝清水
e,1c,芽室
e,1f,西帯広
e,20,柏林台
e,21,帯広
e,28,池田
e,3c,釧路
e,3e,東釧路
e,56,根室
f,2,旭川四条
f,3,新旭川
f,5,永山
f,12,士別
f,13,下士別
f,14,多寄
f,15,瑞穂
f,16,風連
f,17,東風連
f,18,名寄
f,19,日進
f,27,音威子府
f,3f,南稚内
f,40,稚内
10,1,高松
10,2,香西
10,3,鬼無
10,4,端岡
10,6,国分
10,7,讃岐府中
10,8,鴨川
10,9,八十場
10,b,坂出
10,c,宇多津
10,d,丸亀
10,e,讃岐塩屋
10,10,多度津
10,11,海岸寺
10,12,津島ノ宮
10,13,詫間
10,15,みの
10,16,高瀬
10,17,比地大
10,18,本山
10,1a,観音寺
10,1b,豊浜
10,1c,箕浦
10,1d,川之江
10,20,伊予寒川
10,25,多喜浜
10,26,新居浜
10,27,中萩
10,29,伊予西条
10,2a,石鎚山
10,2f,壬生川
10,3e,柳原
10,3f,粟井
10,40,光洋台
10,41,堀江
10,42,伊予和気
10,43,三津浜
10,44,松山
10,45,市坪
10,46,北伊予
10,47,伊予横田
10,48,鳥ノ木
10,49,伊予市
10,4a,向井原
10,4c,高野川
10,58,五郎
10,59,伊予大洲
10,81,後免
10,83,後免町
11,2,金蔵寺
11,3,善通寺
11,4,琴平
11,c,佃
11,d,阿波池田
11,13,大歩危
11,24,後免
11,2a,高知
11,2b,入明
11,2c,円行寺口
11,2d,旭
11,2e,高知商業前
11,2f,朝倉
11,47,仁井田
11,48,窪川
11,81,窪川
11,83,若井
12,1,福島
12,2,笹木野
12,e,米沢
12,11,高畠
12,13,赤湯
12,18,かみのやま温泉
12,1c,山形
12,1d,北山形
12,1e,羽前千歳
12,23,天童
12,27,さくらんぼ東根
12,29,村山
12,2c,大石田
12,32,新庄
12,40,湯沢
12,43,十文字
12,44,醍醐
12,45,柳田
12,46,横手
12,48,後三年
12,49,飯詰
12,4a,大曲
12,4b,神宮寺
12,4d,刈和野
12,54,秋田
12,55,土崎
12,58,追分
12,59,大久保
12,5a,羽後飯塚
12,5b,井川さくら
12,5c,八郎潟
12,6f,大館
12,77,弘前
12,7c,浪岡
12,82,新青森
13,2,京ヶ瀬
13,3,水原
13,4,神山
13,6,月岡
13,7,中浦
13,8,新発田
13,26,鶴岡
13,2f,酒田
14,2,昭和町
14,3,栗林公園北口
14,5,栗林
14,6,木太町
14,7,屋島
14,9,古高松南
14,a,八栗口
14,b,讃岐牟礼
14,c,志度
14,d,オレンジタウン
14,e,造田
14,f,神前
14,11,讃岐津田
14,12,鶴羽
14,13,丹生
14,25,佐古
14,26,徳島
14,2a,文化の森
14,2b,地蔵橋
14,2d,中田
15,1,高崎
15,2,高崎問屋町
15,3,井野
15,4,新前橋
15,5,群馬総社
15,6,八木原
15,7,渋川
15,8,敷島
15,9,津久田
15,b,岩本
15,c,沼田
15,d,後閑
15,10,上牧
15,11,水上
15,18,越後湯沢
15,20,浦佐
15,26,越後川口
16,1,御茶ノ水
16,2,秋葉原
16,3,浅草橋
16,4,両国
16,6,錦糸町
16,7,亀戸
16,8,平井
16,9,新小岩
16,b,小岩
16,c,市川
16,d,本八幡
16,e,下総中山
16,10,西船橋
16,11,船橋
16,12,東船橋
16,13,津田沼
16,14,幕張本郷
16,15,幕張
16,16,新検見川
16,17,稲毛
16,18,西千葉
16,1a,千葉
16,1b,東千葉
16,1d,都賀
16,1f,四街道
16,21,物井
16,22,佐倉
16,23,南酒々井
16,24,榎戸
16,26,八街
16,28,日向
16,2a,成東
16,2c,松尾
16,2d,横芝
16,2e,飯倉
16,2f,八日市場
16,31,干潟
16,32,旭
16,33,飯岡
16,34,倉橋
16,36,猿田
16,37,松岸
16,38,銚子
17,3,ガーラ湯沢
18,2,尻手
18,3,矢向
18,4,鹿島田
18,6,平間
18,7,向河原
18,8,武蔵小杉
18,9,武蔵中原
18,b,武蔵新城
18,c,武蔵溝ノ口
18,d,津田山
18,e,久地
18,10,宿河原
18,11,登戸
18,12,中野島
18,13,稲田堤
18,15,矢野口
18,16,稲城長沼
18,17,南多摩
18,18,府中本町
18,1a,分倍河原
18,1b,西府
18,1c,谷保
18,1d,矢川
18,1e,西国立
18,20,西立川
18,21,東中神
18,22,中神
18,24,昭島
18,25,拝島
18,26,牛浜
18,27,福生
18,29,羽村
18,2a,小作
18,2b,河辺
18,2c,東青梅
18,2e,青梅
18,2f,宮ノ平
18,30,日向和田
18,31,石神前
18,33,二俣尾
18,34,軍畑
18,35,沢井
18,36,御嶽
18,38,川井
18,39,古里
18,3a,鳩ノ巣
18,3b,白丸
18,3d,奥多摩
19,2,国道
19,3,鶴見小野
19,4,弁天橋
19,6,浅野
19,7,安善
19,8,武蔵白石
19,9,浜川崎
19,b,昭和
19,c,扇町
1a,3,八丁畷
1a,4,川崎新町
1b,2,新芝浦
1b,3,海芝浦
1c,2,大川
1d,4,本郷台
1d,6,港南台
1d,7,洋光台
1d,8,新杉田
1d,9,磯子
1d,a,根岸
1d,c,山手
1d,d,石川町
1d,e,関内
1d,f,桜木町
1d,13,大口
1d,14,菊名
1d,16,新横浜
1d,17,小机
1d,19,鴨居
1d,1a,中山
1d,1b,十日市場
1d,1c,長津田
1d,1d,成瀬
1d,1e,町田
1d,1f,古淵
1d,20,淵野辺
1d,21,矢部
1d,22,相模原
1d,23,橋本
1d,25,相原
1d,26,八王子みなみ野
1d,27,片倉
1d,2a,北八王子
1d,2b,小宮
1d,2e,東福生
1d,30,箱根ヶ崎
1d,31,金子
1d,33,東飯能
1d,35,高麗川
1d,37,毛呂
1d,38,越生
1d,3a,明覚
1d,3c,小川町
1d,3d,竹沢
1d,3e,折原
1d,3f,寄居
1d,41,用土
1d,42,松久
1d,43,児玉
1d,44,丹荘
1d,46,群馬藤岡
1d,47,北藤岡
1e,2,北鎌倉
1e,3,鎌倉
1e,4,逗子
1e,6,東逗子
1e,7,田浦
1e,8,横須賀
1e,9,衣笠
1e,b,久里浜
1f,2,北茅ケ崎
1f,3,香川
1f,4,寒川
1f,6,宮山
1f,7,倉見
1f,8,門沢橋
1f,9,社家
1f,b,厚木
1f,c,海老名
1f,d,入谷
1f,e,相武台下
1f,f,下溝
1f,10,原当麻
1f,12,番田
1f,13,上溝
1f,14,南橋本
1f,42,大元
1f,43,備前西市
1f,44,妹尾
1f,46,備中箕島
1f,47,早島
1f,48,久々原
1f,49,茶屋町
1f,52,宇野
1f,82,喜久田
1f,90,広田
1f,91,会津若松
1f,ae,五泉
1f,af,北五泉
1f,b0,新関
1f,b1,東新津
1f,c2,池田園
20,42,備前三門
20,43,大安寺
20,44,備前一宮
20,46,吉備津
20,47,備中高松
20,48,足守
20,49,服部
20,4b,東総社
20,4c,総社
20,8d,船引
20,8e,要田
20,90,三春
20,91,舞木
21,2,来宮
21,3,伊豆多賀
21,4,網代
21,6,宇佐美
21,7,伊東
21,42,法界院
21,43,備前原
21,44,玉柏
21,55,津山
21,61,智頭
21,62,因幡社
21,82,七日町
21,c3,七重浜
21,cf,木古内
21,d0,渡島鶴岡
21,da,江差
22,2,荒尾
22,3,美濃赤坂
22,92,会津高原
23,1,尼崎
23,3,加島
23,5,御幣島
23,7,海老江
23,8,新福島
23,9,北新地
23,b,大阪天満宮
23,d,大阪城北詰
23,42,清音
23,43,総社
23,44,豪渓
23,46,日羽
23,47,美袋
23,48,備中広瀬
23,49,備中高梁
23,51,新見
23,82,榴ヶ岡
23,83,宮城野原
23,84,陸前原ノ町
23,85,苦竹
23,86,小鶴新田
23,87,福田町
23,88,陸前高砂
23,89,中野栄
23,8a,多賀城
23,8b,下馬
23,8c,西塩釜
23,8d,本塩釜
23,8e,東塩釜
23,90,陸前浜田
23,91,松島海岸
23,92,高城町
23,93,手樽
23,95,陸前富山
23,96,陸前大塚
23,97,東名
23,98,野蒜
23,9a,陸前小野
23,9b,鹿妻
23,9c,矢本
23,9d,東矢本
23,9e,陸前赤井
23,9f,蛇田
23,a0,陸前山下
23,a1,石巻
24,2,熊川
24,3,東秋留
24,4,秋川
24,6,武蔵引田
24,7,武蔵増戸
24,8,武蔵五日市
24,5d,三次
24,6c,狩留家
24,6e,上深川
24,6f,中深川
24,70,下深川
24,71,玖村
24,72,玖村
24,73,安芸矢口
24,74,戸坂
24,75,矢賀
24,81,小牛田
24,82,上涌谷
24,c2,八軒
24,c3,新川
24,c5,新琴似
24,c6,太平
24,c8,百合が原
24,c9,篠路
24,cb,拓北
24,cd,あいの里教育大
24,ce,あいの里公園
24,d0,石狩太美
24,d2,石狩当別
24,d4,北海道医療大学
24,d5,石狩金沢
24,e6,下徳富
24,e7,中徳富
24,e8,新十津川
25,1,品川
25,2,大崎
25,3,五反田
25,4,目黒
25,6,恵比寿
25,7,渋谷
25,8,原宿
25,9,代々木
25,a,新宿
25,c,新大久保
25,d,高田馬場
25,e,目白
25,f,池袋
25,11,大塚
25,12,巣鴨
25,13,駒込
25,42,備後本庄
25,43,横尾
25,44,神辺
25,46,湯田村
25,81,前谷地
25,82,和渕
25,83,のの岳
25,84,陸前豊里
25,86,御岳堂
25,c2,平和
25,c3,新札幌
25,c5,上野幌
25,c7,北広島
25,c9,島松
25,ca,恵み野
25,cb,恵庭
25,cc,サッポロビール庭園
25,cd,長都
25,cf,千歳
25,d0,南千歳
25,d2,美々
25,d4,植苗
26,3,尾久
26,6,十条
26,7,板橋
26,41,三原
26,42,須波
26,43,安芸幸崎
26,44,忠海
26,45,安芸長浜
26,46,大乗
26,47,竹原
26,48,吉名
26,49,安芸津
26,4b,風早
26,4c,安浦
26,4d,安登
26,4e,安芸川尻
26,4f,仁万
26,50,広
26,51,新広
26,52,安芸阿賀
26,53,呉
26,54,川原石
26,55,吉浦
26,56,かるが浜
26,57,天応
26,58,呉ポートピア
26,59,小屋浦
26,5a,水尻
26,5b,坂
26,5c,矢野
26,83,真滝
26,c2,新千歳空港
27,3,日進
27,4,西大宮
27,5,指扇
27,7,南古谷
27,9,川越
27,a,西川越
27,b,的場
27,c,笠幡
27,d,武蔵高萩
27,41,岩国
27,42,西岩国
27,43,川西
27,44,柱野
27,45,欽明路
27,50,周防花岡
27,81,花巻
27,82,似内
27,83,新花巻
27,84,小山田
27,9d,釜石
27,c2,あおば通
28,3,東我孫子
28,4,湖北
28,5,新木
28,7,布佐
28,8,木下
28,a,小林
28,c,安食
28,e,下総松崎
28,10,成田
28,12,酒々井
28,82,上盛岡
28,83,山岸
28,96,宮古
28,97,磯鶏
28,a2,鵜住居
29,c,北府中
29,f,新小平
29,11,新秋津
29,12,東所沢
29,14,新座
29,16,北朝霞
29,18,西浦和
29,19,武蔵浦和
29,1c,東浦和
29,1e,東川口
29,1f,南越谷
29,20,越谷レイクタウン
29,21,吉川
29,22,吉川美南
29,23,新三郷
29,24,三郷
29,25,南流山
29,27,新八柱
29,28,東松戸
29,29,市川大野
29,2a,船橋法典
29,4e,宇部岬
29,50,東新川
29,84,岩手和井内
29,86,押角
2a,c,新川崎
2a,d,武蔵小杉
2a,e,西大井
2a,15,新日本橋
2a,16,馬喰町
2a,46,雀田
2a,47,小野田港
2a,82,長苗代
2a,83,本八戸
2a,9d,久慈
2a,c1,長万部
2a,c2,旭浜
2a,c3,静狩
2a,c4,小幌
2a,c5,礼文
2a,c9,洞爺
2a,cd,伊達紋別
2a,d4,東室蘭
2a,d7,幌別
2a,da,登別
2a,e0,白老
2a,e3,錦岡
2a,e5,糸井
2a,e9,苫小牧
2a,eb,沼ノ端
2a,ec,遠浅
2a,ed,早来
2a,ee,安平
2a,ef,追分
2b,42,湯ノ峠
2b,4f,仙崎
2b,84,吹越
2b,86,陸奥横浜
2b,a4,羽沢横浜国大
2b,c6,室蘭
2c,7,中之条
2c,e,長野原草津口
2c,13,万座・鹿沢口
2c,41,周防下郷
2c,42,上郷
2c,43,仁保津
2c,44,大歳
2c,4b,宮野
2d,3,前橋
2d,5,前橋大島
2d,6,駒形
2d,8,伊勢崎
2d,b,国定
2d,d,岩宿
2d,10,桐生
2d,12,小俣
2d,15,山前
2d,18,足利
2d,1b,富田
2d,1c,佐野
2d,20,岩舟
2d,21,大平下
2d,22,栃木
2d,24,思川
2d,27,小田林
2d,28,結城
2d,29,東結城
2d,2a,川島
2d,2b,玉戸
2d,2c,下館
2d,2d,新治
2d,2e,大和
2d,2f,岩瀬
2d,30,羽黒
2d,31,福原
2d,32,稲田
2d,33,笠間
2d,34,宍戸
2d,42,三滝
2d,43,安芸長束
2d,44,下祇園
2d,46,古市橋
2d,47,大町
2d,48,緑井
2d,49,七軒茶屋
2d,4a,梅林
2d,4b,上八木
2d,4c,中島
2d,4d,可部
2e,1,桐生
2e,82,東照宮
2e,83,北仙台
2e,84,北山
2e,85,東北福祉大前
2e,86,国見
2e,87,葛岡
2e,88,陸前落合
2e,89,愛子
2e,c4,東追分
2e,c5,川端
2e,c9,新夕張
2e,cc,占冠
2e,cd,トマム
2f,2,鶴田
2f,3,鹿沼
2f,4,文挟
2f,6,下野大沢
2f,7,今市
2f,8,日光
2f,48,木次
2f,51,八川
2f,52,出雲坂根
2f,82,北浦
2f,85,古川
2f,a5,津谷
2f,a7,古口
2f,c6,鹿ノ谷
2f,c7,夕張
30,2,下野花岡
30,3,仁井田
30,4,鴻野山
30,6,大金
30,7,小塙
30,8,滝
30,9,烏山
30,81,北上
30,82,柳原
30,83,江釣子
30,84,藤根
30,86,立川目
30,8c,ほっとゆだ
30,e4,西様似
30,e5,様似
31,41,米子
31,42,博労町
31,43,富士見町
31,44,後藤
31,4c,大篠津町
31,4d,米子空港
31,81,盛岡
31,82,大釜
31,83,小岩井
31,84,雫石
31,86,春木場
31,87,赤渕
31,88,田沢湖
31,8d,角館
32,8,上菅谷
32,9,常陸鴻巣
32,66,船佐
32,67,長谷
32,c1,深川
32,c2,北一己
32,c3,秩父別
32,c4,北秩父別
32,c6,石狩沼田
32,d1,留萌
32,da,箸別
32,db,増毛
33,2,南酒出
33,7,常陸太田
33,42,浜河内
33,43,長門本山
33,81,好摩
33,82,東大更
34,1,下館
34,2,下館二高前
34,3,折本
34,4,ひぐち
34,5,久下田
34,6,寺内
34,7,真岡
34,8,北真岡
34,9,西田井
34,a,北山
34,b,益子
34,c,七井
34,d,多田羅
34,e,市塙
34,f,笹原田
34,10,天矢場
34,11,茂木
34,c1,富良野
34,c2,学田
34,c3,鹿討
34,c4,中富良野
34,c5,ラベンダー畑
34,c6,西中
34,c7,上富良野
34,c8,美馬牛
34,c9,美瑛
34,d3,神楽岡
35,2,川岸
35,4,辰野
35,5,信濃川島
35,6,小野
35,b,北与野
35,d,与野本町
35,f,南与野
35,11,中浦和
35,15,北戸田
35,17,戸田
35,19,戸田公園
35,1b,浮間舟渡
35,1d,北赤羽
35,42,植松
35,43,木見
35,45,上の町
35,47,児島
36,2,本千葉
36,3,蘇我
36,5,鎌取
36,7,誉田
36,9,土気
36,a,大網
36,b,永田
36,c,本納
36,e,新茂原
36,f,茂原
36,10,八積
36,11,上総一ノ宮
36,13,東浪見
36,14,太東
36,15,長者町
36,16,三門
36,18,大原
36,19,浪花
36,1a,御宿
36,1b,勝浦
36,1c,鵜原
36,1e,上総興津
36,1f,行川アイランド
36,20,安房小湊
36,21,安房天津
36,22,安房鴨川
36,81,米沢
36,82,南米沢
36,83,西米沢
36,84,成島
36,86,中郡
37,5,浜野
37,6,八幡宿
37,7,五井
37,9,姉ケ崎
37,b,長浦
37,c,袖ケ浦
37,d,巌根
37,e,木更津
37,10,君津
37,11,青堀
37,12,大貫
37,13,佐貫町
37,15,上総湊
37,16,竹岡
37,17,浜金谷
37,18,保田
37,1a,安房勝山
37,1b,岩井
37,1c,富浦
37,1d,那古船形
37,1f,館山
37,20,九重
37,21,千倉
37,22,千歳
37,24,南三原
37,25,和田浦
37,26,江見
37,27,太海
37,c1,池田
37,c2,様舞
37,e4,北光社
37,e6,北見
38,41,盛岡
38,42,青山
38,47,渋民
38,48,好摩
39,3,久住
39,5,滑河
39,7,下総神崎
39,8,大戸
39,9,佐原
39,a,香取
39,c,水郷
39,d,小見川
39,e,笹川
39,f,下総橘
39,10,下総豊里
39,11,椎柴
39,41,目時
39,47,北高岩
39,48,八戸
39,6b,東青森
39,6e,青森
39,8d,蟹田
39,8e,中小国
39,91,津軽二股
39,96,三厩
3a,1,木更津
3a,2,祇園
3a,3,上総清川
3a,4,東清川
3a,5,横田
3a,6,東横田
3a,7,馬来田
3a,8,下郡
3a,a,小櫃
3a,b,俵田
3a,c,久留里
3a,d,平山
3a,f,上総松丘
3a,10,上総亀山
3a,14,空港第2ビル
3a,16,成田空港
3b,2,福俵
3b,3,東金
3b,4,求名
3b,84,北能代
3b,86,鳥形
3c,d,鹿島神宮
3c,e,延方
3c,10,潮来
3c,11,十二橋
3c,81,追分
3c,82,出戸浜
3c,83,上二田
3c,84,二田
3c,86,天王
3d,2,下曽我
3d,3,上大井
3d,4,相模金子
3d,6,松田
3d,7,東山北
3d,8,山北
3d,9,谷峨
3d,b,駿河小山
3d,c,足柄
3d,d,御殿場
3d,e,南御殿場
3d,10,富士岡
3d,11,岩波
3d,12,裾野
3d,13,長泉なめり
3d,14,下土狩
3d,15,大岡
3d,c3,知内
3d,c8,津軽今別
3e,2,柚木
3e,3,竪堀
3e,4,入山瀬
3e,6,富士根
3e,7,源道寺
3e,8,富士宮
3e,9,西富士宮
3e,21,市川大門
3e,22,市川本町
3e,23,芦川
3e,24,甲斐上野
3e,82,新利府
3e,83,利府
3f,2,八丁堀
3f,3,越中島
3f,4,潮見
3f,5,新木場
3f,7,葛西臨海公園
3f,8,舞浜
3f,a,新浦安
3f,b,市川塩浜
3f,d,二俣新町
3f,f,南船橋
3f,10,新習志野
3f,12,海浜幕張
3f,13,検見川浜
3f,14,稲毛海岸
3f,16,千葉みなと
3f,18,蘇我
3f,86,羽前金沢
3f,87,羽前長崎
3f,88,南寒河江
3f,89,寒河江
3f,c3,安中榛名
40,1,掛川
40,2,掛川市役所前
40,3,西掛川
40,5,桜木
40,6,いこいの広場
40,7,細谷
40,9,原谷
40,a,原田
40,b,戸綿
40,d,遠州森
40,e,円田
40,f,遠江一宮
40,13,豊岡
40,15,上野部
40,17,天竜二俣
40,19,二俣本町
40,1b,西鹿島
40,1d,岩水寺
40,1f,宮口
40,20,フルーツパーク
40,21,都田
40,22,浜松大学前
40,23,金指
40,25,気賀高校前
40,27,気賀
40,29,西気賀
40,2b,寸座
40,2d,浜名湖佐久米
40,2f,東都筑
40,31,都筑
40,33,三ヶ日
40,34,奥浜名湖
40,35,尾奈
40,37,知波田
40,38,大森
40,39,アスモ前
40,3b,新所原
41,2,船町
41,3,下地
41,4,小坂井
41,6,牛久保
41,7,豊川
41,e,新城
41,25,早瀬
41,26,下川合
41,27,中部天竜
41,29,佐久間
41,2a,相月
41,3f,天竜峡
42,1,岡崎
42,3,六名
42,5,中岡崎
42,7,北岡崎
42,9,大門
42,b,北野桝塚
42,d,三河上郷
42,f,永覚
42,11,末野原
42,13,三河豊田
42,15,新上挙母
42,17,新豊田
42,18,愛環梅坪
42,19,四郷
42,1a,貝津
42,1b,保見
42,1d,篠原
42,1f,八草
42,21,山口
42,23,瀬戸口
42,25,瀬戸市
42,27,中水野
42,29,高蔵寺
42,81,勝川
42,82,味美
42,83,比良
42,84,小田井
42,85,尾張星の宮
42,86,枇杷島
43,2,尾張森岡
43,3,緒川
43,4,石浜
43,6,東浦
43,7,亀崎
43,8,乙川
43,9,半田
43,b,東成岩
43,c,武豊
44,3,長森
44,4,那加
44,6,蘇原
44,7,各務ヶ原
44,9,鵜沼
44,b,坂祝
44,c,美濃太田
44,14,白川口
44,17,飛騨金山
44,1a,下呂
44,20,飛騨小坂
44,21,渚
44,22,久々野
44,23,飛騨一ノ宮
44,24,高山
44,28,飛騨古川
46,1,東京
46,3,品川
46,5,新横浜
46,9,小田原
46,b,熱海
46,d,三島
46,f,新富士
46,11,静岡
46,15,掛川
46,17,浜松
46,19,豊橋
46,1b,三河安城
46,1f,名古屋
46,21,岐阜羽島
46,23,米原
46,29,京都
46,2d,新大阪
46,33,新神戸
46,35,西明石
46,37,姫路
46,39,相生
46,3e,岡山
46,42,新倉敷
46,44,福山
46,46,新尾道
46,48,三原
46,4a,東広島
46,4e,広島
46,52,新岩国
46,54,徳山
46,56,新山口
46,58,厚狭
46,5a,新下関
46,5c,小倉
46,64,博多
47,1,東京
47,3,上野
47,5,大宮
47,7,小山
47,9,宇都宮
47,b,那須塩原
47,d,新白河
47,f,郡山
47,11,福島
47,13,白石蔵王
47,15,仙台
47,17,古川
47,18,くりこま高原
47,19,一ノ関
47,1a,水沢江刺
47,1b,北上
47,1c,新花巻
47,1d,盛岡
47,1f,いわて沼宮内
47,21,二戸
47,23,八戸
47,25,七戸十和田
47,27,新青森
47,81,博多
47,84,新鳥栖
47,87,久留米
47,88,筑後船小屋
47,8a,新大牟田
47,8d,新玉名
47,90,熊本
47,93,新八代
47,96,新水俣
47,99,出水
47,9c,川内
47,9f,鹿児島中央
48,7,熊谷
48,8,本庄早稲田
48,9,高崎
48,b,上毛高原
48,d,越後湯沢
48,f,浦佐
48,11,長岡
48,13,燕三条
48,15,新潟
49,b,安中榛名
49,d,軽井沢
49,f,佐久平
49,11,上田
49,13,長野
4b,e,羽咋
4b,17,七尾
4b,18,和倉温泉
4c,1,穴水
4c,13,縄文真脇
4c,41,西戸崎
4c,42,海ノ中道
4c,44,雁ノ巣
4c,45,奈多
4c,46,和白
4c,49,香椎神宮
4c,4a,舞松原
4c,4b,土井
4c,4c,伊賀
4c,4d,長者原
4c,4e,酒殿
4c,4f,須恵
4c,50,須恵中央
4c,51,新原
4c,52,宇美
4d,2,二塚
4d,42,柚須
4d,43,原町
4d,44,長者原
4d,45,門松
4d,46,篠栗
4d,48,筑前山手
4d,49,城戸南蔵院前
4d,4b,九郎原
4d,4c,筑前大分
4d,4e,桂川
4e,2,越中中川
4e,9,氷見
4f,fe,宮島
50,6,越前東郷
50,7,一乗谷
50,1b,越前下山
50,1c,九頭竜湖
50,c3,遠矢
50,c4,釧路湿原
50,c5,細岡
50,cb,磯分内
50,cd,南弟子屈
50,ce,摩周
50,cf,美留和
50,d8,知床斜里
50,d9,止別
50,da,浜小清水
50,dd,北浜
50,de,藻琴
50,df,鱒浦
50,e1,桂台
51,1,松本
51,2,北松本
51,3,島内
51,d,穂高
51,16,信濃常盤
51,17,南大町
51,18,信濃大町
51,24,白馬
51,29,南小谷
51,2e,小滝
52,2,広丘
52,3,村井
52,4,平田
52,5,南松本
52,7,田沢
52,8,明科
52,42,緑川
52,43,住吉
52,44,肥後長浜
52,46,網田
52,47,赤瀬
52,48,石打ダム
52,49,波多浦
52,4a,三角
53,18,太田部
53,19,中込
53,1a,滑津
53,1b,北中込
53,1c,岩村田
53,1d,佐久平
53,4c,球泉洞
53,4d,一勝地
53,52,人吉
54,c,戸狩野沢温泉
54,15,森宮野原
54,1f,十日町
54,20,魚沼中条
55,15,吉田
55,16,北吉田
55,17,岩室
55,18,巻
55,19,越後曽根
55,1a,越後赤塚
55,1b,内野西が丘
55,1c,内野
55,1d,新潟大学前
55,1e,寺尾
55,1f,小針
55,20,青山
55,21,関屋
55,22,白山
56,1,弥彦
56,2,矢作
56,3,吉田
56,4,西燕
56,5,燕
56,6,燕三条
56,7,北三条
56,40,ATMJRE外
56,44,宇宿
56,46,谷山
57,2,西新発田
57,3,佐々木
57,4,黒山
57,6,豊栄
57,7,早通
57,8,新崎
57,9,大形
57,b,東新潟
58,3,小泉
58,4,根本
58,6,姫
58,7,下切
58,9,可児
58,a,美濃川合
58,42,新鳥栖
58,43,肥前麓
58,45,中原
58,47,吉野ヶ里公園
58,48,神埼
58,4a,伊賀屋
58,4c,佐賀
58,4e,鍋島
58,4f,バルーンさが
58,50,久保田
58,51,牛津
58,53,肥前山口
58,6b,諫早
58,71,現川
58,73,浦上
58,74,長崎
59,6,真倉
59,7,西舞鶴
59,9,東舞鶴
59,25,西敦賀
59,47,本川内
59,49,長与
5a,1,豊岡
5a,2,但馬三江
5a,9,網野
5a,b,峰山
5a,19,四所
5a,1b,西舞鶴
5b,2,福島
5b,3,野田
5b,4,西九条
5b,6,弁天町
5b,7,大正
5b,8,芦原橋
5b,a,今宮
5b,b,新今宮
5b,4e,山本
5b,4f,鬼塚
5b,50,唐津
5b,51,西唐津
5c,2,安治川口
5c,3,ユニバーサルシティ
5c,4,桜島
5c,47,武雄温泉
5c,4d,上有田
5c,4e,有田
5c,50,三河内
5c,52,早岐
5c,56,佐世保
5d,6,塚口
5d,7,猪名寺
5d,8,伊丹
5d,a,北伊丹
5d,c,川西池田
5d,f,中山寺
5d,11,宝塚
5d,12,生瀬
5d,14,西宮名塩
5d,15,武田尾
5d,17,道場
5d,19,三田
5d,1b,新三田
5d,1c,広野
5d,1e,相野
5d,20,藍本
5d,21,草野
5d,23,古市
5d,24,南矢代
5d,25,篠山口
5d,26,丹波大山
5d,29,谷川
5d,2b,柏原
5e,13,日岡
5e,15,神野
5e,17,厄神
5e,18,市場
5e,19,小野町
5e,23,西脇市
5e,27,日本へそ公園
5e,28,黒田庄
5e,2b,船町口
5e,2d,久下村
5e,42,ハウステンボス
5e,43,南風崎
5e,44,小串郷
5e,45,川棚
5e,4d,大村
5f,1,JR難波
5f,5,東部市場前
5f,6,平野
5f,7,加美
5f,8,久宝寺
5f,9,八尾
5f,b,志紀
5f,c,柏原
5f,d,高井田
5f,e,河内堅上
5f,f,三郷
5f,10,王寺
5f,12,法隆寺
5f,13,大和小泉
5f,14,郡山
5f,16,奈良
5f,18,平城山
5f,1a,木津
5f,1c,加茂
5f,1e,笠置
5f,1f,大河原
5f,20,月ヶ瀬口
5f,21,島ヶ原
5f,22,伊賀上野
5f,23,佐那具
5f,24,新堂
5f,26,柘植
5f,28,加太
5f,2a,関
5f,2d,井田川
5f,2e,加佐登
5f,30,河曲
5f,32,河原田
5f,34,南四日市
5f,36,四日市
5f,38,富田浜
5f,39,富田
5f,3a,朝日
5f,3b,桑名
5f,3d,長島
5f,3f,弥富
5f,41,永和
5f,42,蟹江
5f,43,春田
5f,44,八田
60,1,京都
60,2,東福寺
60,3,稲荷
60,4,JR藤森
60,6,桃山
60,7,六地蔵
60,8,木幡
60,9,黄檗
60,c,宇治
60,d,JR小倉
60,e,新田
60,10,城陽
60,11,長池
60,13,山城青谷
60,14,山城多賀
60,15,玉水
60,17,棚倉
60,19,上狛
60,1f,京終
60,20,帯解
60,21,櫟本
60,23,天理
60,24,長柄
60,25,柳本
60,26,巻向
60,28,三輪
60,29,桜井
60,2a,香久山
60,2b,畝傍
60,2d,金橋
60,2e,高田
60,2f,JR五位堂
60,30,香芝
60,31,志都美
60,32,畠田
62,3,和田岬
62,44,久留米大学前
62,4f,筑後大石
62,51,夜明
62,54,日田
62,63,由布院
63,2,美章園
63,3,南田辺
63,4,鶴ヶ丘
63,6,長居
63,7,我孫子町
63,8,杉本町
63,9,浅香
63,b,堺市
63,c,三国ヶ丘
63,d,百舌鳥
63,e,上野芝
63,10,津久野
63,11,鳳
63,12,富木
63,13,北信太
63,15,信太山
63,16,和泉府中
63,18,久米田
63,19,下松
63,1b,東岸和田
63,1c,東貝塚
63,1e,和泉橋本
63,1f,東佐野
63,21,熊取
63,23,日根野
63,24,長滝
63,26,新家
63,27,和泉砂川
63,29,和泉鳥取
63,2a,山中渓
63,2d,紀伊
63,2f,六十谷
63,31,紀伊中ノ島
64,42,平成
64,44,新水前寺
64,46,水前寺
64,4a,武蔵塚
64,4b,光の森
64,4c,三里木
64,58,宮地
64,5e,豊後竹田
64,69,中判田
65,81,池谷
65,82,阿波大谷
65,83,立道
65,84,教会前
65,86,金比羅前
66,43,石田
66,44,志井公園
66,45,志井
66,46,石原町
66,47,呼野
66,49,採銅所
66,4a,香春
66,4b,一本松
66,4c,田川伊田
66,4d,田川後藤寺
66,5b,今山
67,a,寺前
67,f,福崎
67,10,溝口
67,11,香呂
67,12,仁豊野
67,15,野里
67,16,京口
67,82,新谷
67,83,喜多山
67,84,五十崎
67,86,内子
68,84,二名
68,86,大内
69,b,片町
69,c,京橋
69,d,鴫野
69,e,放出
69,10,徳庵
69,11,鴻池新田
69,12,住道
69,13,野崎
69,15,四条畷
69,16,忍ヶ丘
69,17,東寝屋川
69,18,星田
69,19,河内磐船
69,1a,津田
69,1b,藤阪
69,1c,長尾
69,1d,松井山手
69,1e,大住
69,1f,京田辺
69,20,同志社前
69,21,JR三山木
69,22,下狛
69,23,祝園
69,24,西木津
69,83,蔵本
69,84,鮎喰
69,85,府中
69,86,石井
69,9a,三加茂
6a,3,新加美
6a,7,JR長瀬
6a,9,JR俊徳道
6a,b,JR河内永和
6a,d,高井田中央
6a,53,新八代
6a,56,新水俣
6a,59,出水
6b,3,油日
6b,4,甲賀
6b,5,寺庄
6b,6,甲南
6b,8,貴生川
6b,a,三雲
6b,b,甲西
6b,c,石部
6b,e,手原
6c,42,田吉
6c,83,伊予大平
6c,85,伊予中山
6c,87,伊予立川
6d,5,大津京
6d,7,唐崎
6d,8,比叡山坂本
6d,9,おごと温泉
6d,b,堅田
6d,c,小野
6d,d,和邇
6d,f,蓬莱
6d,10,志賀
6d,12,比良
6d,13,近江舞子
6d,14,北小松
6d,17,近江高島
6d,18,安曇川
6d,19,新旭
6d,1a,近江今津
6d,1c,近江中庄
6d,1d,マキノ
6d,1f,永原
6d,4a,小林
6d,50,えびの上江
6d,51,えびの
6e,8,大和新庄
6e,9,御所
6e,a,玉手
6e,10,五条
6e,11,大和二見
6e,12,隅田
6e,14,下兵庫
6e,15,橋本
6e,25,岩出
6e,2e,紀和
6e,2f,和歌山市
6f,7,伊勢市
6f,b,松下
6f,c,池の浦シーサイド
6f,d,鳥羽
6f,41,若松
6f,42,藤ノ木
6f,43,奥洞海
6f,44,二島
6f,45,本城
6f,48,東水巻
6f,49,中間
6f,4a,筑前垣生
6f,4b,鞍手
6f,4c,筑前植木
6f,4d,新入
6f,4e,直方
6f,4f,勝野
6f,51,小竹
6f,53,鯰田
6f,54,浦田
6f,55,新飯塚
6f,56,飯塚
6f,58,天道
6f,5b,上穂波
6f,5c,筑前内野
6f,5e,筑前山家
70,2,東羽衣
70,22,りんくうタウン
70,24,関西空港
71,1,津
71,3,東一身田
71,5,河芸
71,7,伊勢上野
71,9,中瀬古
71,a,徳田
71,b,鈴鹿サーキット稲生
71,d,玉垣
71,f,鈴鹿
71,11,河原田
72,2,上ノ庄
73,2,西相生
73,4,坂越
73,5,播州赤穂
73,6,天和
73,7,備前福河
73,9,寒河
73,a,日生
73,c,伊里
73,d,備前片上
73,e,西片上
73,f,伊部
73,11,香登
73,12,長船
73,13,邑久
73,14,大富
73,16,西大寺
73,17,大多羅
73,44,宮崎空港
74,3,播磨高岡
74,4,余部
74,7,本竜野
74,8,東觜崎
74,9,播磨新宮
74,10,佐用
74,43,上三緒
74,44,下鴨生
74,45,筑前庄内
74,47,船尾
77,3,博多南
78,d,姪浜
78,e,下山門
78,f,今宿
78,10,九大学研都市
78,11,周船寺
78,13,波多江
78,15,筑前前原
78,16,美咲が丘
78,17,加布里
78,19,一貴山
78,1b,筑前深江
78,1d,大入
78,1f,福吉
78,21,鹿家
78,23,浜崎
78,25,虹ノ松原
78,27,東唐津
78,28,和多田
78,2d,肥前久保
78,2e,西相知
81,1,熊谷
81,15,樋口
81,17,野上
81,1b,上長瀞
81,1f,皆野
81,21,和銅黒谷
81,29,お花畑
81,3b,行田市
81,43,羽生
82,1,新木場
82,3,東雲
82,4,国際展示場
82,5,東京テレポート
82,6,天王洲アイル
82,7,品川シーサイド
82,8,大井町
82,a,大崎
82,41,新橋
82,42,汐留
82,44,竹芝
82,45,日の出
82,46,芝浦ふ頭
82,48,お台場海浜公園
82,49,台場
82,4a,船の科学館
82,4b,テレコムセンター
82,4c,青海
82,4e,国際展示場正門
82,4f,有明
82,50,有明テニスの森
82,52,市場前
82,54,新豊洲
82,56,豊洲
86,3e,札幌
86,44,すすきの
87,1,大宮
87,3,鉄道博物館
87,5,加茂宮
87,7,東宮原
87,9,今羽
87,b,吉野原
87,d,原市
87,f,沼南
87,11,丸山
87,13,志久
87,15,伊奈中央
87,17,羽貫
87,19,内宿
87,3c,西18丁目
88,1,取手
88,2,西取手
88,3,寺原
88,5,新取手
88,6,ゆめみ野
88,7,稲戸井
88,8,戸頭
88,9,南守谷
88,b,守谷
88,c,新守谷
88,d,小絹
88,f,水海道
88,10,北水海道
88,11,中妻
88,13,三妻
88,15,南石下
88,17,石下
88,18,玉村
88,19,宗道
88,1b,下妻
88,1d,大宝
88,1f,騰波ノ江
88,21,黒子
88,23,大田郷
88,25,下館
88,4c,福住
8a,1,佐貫
8a,3,入地
8a,5,竜ケ崎
8b,7,仙台空港
8c,1,銚子
8c,d,犬吠
8d,1,馬橋
8f,1,藤沢
8f,3,石上
8f,5,柳小路
8f,7,鵠沼
8f,9,湘南海岸公園
8f,b,江ノ島
8f,d,腰越
8f,f,鎌倉高校前
8f,11,七里ヶ浜
8f,13,稲村ケ崎
8f,15,極楽寺
8f,17,長谷
8f,19,由比ヶ浜
8f,1b,和田塚
8f,1d,鎌倉
90,1,小田原
90,3,箱根板橋
90,5,風祭
90,7,入生田
90,9,箱根湯本
90,a,塔ノ沢
90,b,大平台
90,d,宮ノ下
90,f,小涌谷
90,11,彫刻の森
90,13,強羅
92,1,横浜
92,2,平沼橋
92,3,西横浜
92,4,天王町
92,5,星川
92,6,和田町
92,7,上星川
92,8,西谷
92,9,鶴ケ峰
92,a,二俣川
92,b,希望ケ丘
92,c,三ツ境
92,d,瀬谷
92,e,大和
92,f,相模大塚
92,10,さがみ野
92,11,かしわ台
92,12,海老名
93,1,二俣川
93,2,南万騎が原
93,3,緑園都市
93,4,弥生台
93,5,いずみ野
93,7,いずみ中央
93,8,ゆめが丘
93,9,湘南台
93,83,羽沢横浜国大
94,1,新杉田
94,3,南部市場
94,4,ドーム前
94,5,鳥浜
94,7,並木北
94,9,並木中央
94,b,幸浦
94,d,産業振興センター
94,f,福浦
94,11,市大医学部
94,13,八景島
94,15,海の公園柴口
94,17,海の公園南口
94,19,野島公園
94,1b,金沢八景
95,1,水戸
95,3,東水戸
95,5,常澄
95,7,大洗
95,9,涸沼
95,b,鹿島旭
95,d,徳宿
95,f,新鉾田
95,11,北浦湖畔
95,13,大洋
95,15,鹿島灘
95,17,鹿島大野
95,18,長者ヶ浜潮騒はまなす公園前
95,19,荒野台
95,1b,鹿島サッカースタジアム
97,4,関内
97,6,伊勢佐木長者町
97,8,阪東橋
97,a,吉野町
97,c,蒔田
97,e,弘明寺
97,10,上大岡
97,12,港南中央
97,14,上永谷
97,16,下永谷
97,18,舞岡
97,1a,戸塚
97,1c,踊場
97,1e,中田
97,20,立場
97,22,下飯田
97,24,湘南台
99,14,関内
99,16,桜木町
99,18,高島町
99,1a,横浜
99,1c,三ツ沢下町
99,1e,三ツ沢上町
99,20,片倉町
99,22,岸根公園
99,24,新横浜
99,26,北新横浜
99,28,新羽
99,2a,仲町台
99,2c,センター南
99,2e,センター北
99,30,中川
99,32,あざみ野
9a,c,日吉
9a,e,日吉本町
9a,10,高田
9a,12,東山田
9a,14,北山田
9a,16,センター北
9a,18,センター南
9a,1a,都筑ふれあいの丘
9a,1c,川和町
9a,1e,中山
9d,1,浅草
9d,3,曳舟
9d,4,東向島
9d,5,鐘ケ淵
9d,6,堀切
9d,7,牛田
9d,8,北千住
9d,9,小菅
9d,a,五反野
9d,b,梅島
9d,c,西新井
9d,e,竹ノ塚
9d,10,谷塚
9d,11,草加
9d,13,新田
9d,14,蒲生
9d,15,新越谷
9d,16,越谷
9d,17,北越谷
9d,19,大袋
9d,1a,せんげん台
9d,1b,武里
9d,1c,一ノ割
9d,1e,春日部
9d,1f,北春日部
9d,20,姫宮
9d,22,東武動物公園
9d,24,和戸
9d,26,久喜
9d,29,鷲宮
9d,2b,花崎
9d,2d,加須
9d,30,南羽生
9d,32,羽生
9d,35,川俣
9d,36,茂林寺前
9d,38,館林
9d,3a,多々良
9d,3c,県
9d,3e,福居
9d,3f,東武和泉
9d,40,足利市
9d,41,野州山辺
9d,43,韮川
9d,45,太田
9d,47,細谷
9d,49,木崎
9d,4b,世良田
9d,4d,境町
9d,4f,剛志
9d,51,新伊勢崎
9d,52,伊勢崎
9e,1,曳舟
9e,2,小村井
9e,3,東あずま
9e,4,亀戸水神
9e,5,亀戸
9f,1,西新井
9f,2,大師前
a0,1,葛生
a0,3,多田
a0,4,田沼
a0,6,吉水
a0,8,堀米
a0,9,佐野
a0,a,佐野市
a0,d,田島
a0,10,渡瀬
a0,14,成島
a0,16,本中野
a0,18,篠塚
a0,19,東小泉
a0,1a,小泉町
a0,1b,西小泉
a1,1,東小泉
a1,3,竜舞
a1,5,太田
a1,7,三枚橋
a1,9,治良門橋
a1,b,藪塚
a1,d,阿左美
a1,e,新桐生
a1,10,相老
a1,12,赤城
a2,3,杉戸高野台
a2,4,幸手
a2,5,南栗橋
a2,7,栗橋
a2,a,新古河
a2,c,柳生
a2,d,板倉東洋大前
a2,f,藤岡
a2,12,静和
a2,14,新大平下
a2,17,栃木
a2,19,新栃木
a2,1b,合戦場
a2,1d,家中
a2,20,東武金崎
a2,23,楡木
a2,25,樅山
a2,27,新鹿沼
a2,29,北鹿沼
a2,2c,板荷
a2,2e,下小代
a2,30,明神
a2,33,下今市
a2,34,上今市
a2,37,東武日光
a3,1,新栃木
a3,2,野州平川
a3,3,野州大塚
a3,5,壬生
a3,7,国谷
a3,8,おもちゃのまち
a3,a,安塚
a3,c,西川田
a3,d,江曾島
a3,e,南宇都宮
a3,10,東武宇都宮
a4,1,下今市
a4,2,大谷向
a4,4,大桑
a4,6,新高徳
a4,8,小佐越
a4,a,鬼怒川温泉
a4,b,鬼怒川公園
a4,c,新藤原
a4,1d,五泉
a5,1,大宮
a5,2,北大宮
a5,3,大宮公園
a5,4,大和田
a5,5,七里
a5,7,岩槻
a5,9,東岩槻
a5,a,豊春
a5,b,八木崎
a5,d,春日部
a5,e,藤の牛島
a5,10,南桜井
a5,12,川間
a5,14,七光台
a5,15,清水公園
a5,16,愛宕
a5,17,野田市
a5,19,梅郷
a5,1b,運河
a5,1c,江戸川台
a5,1d,初石
a5,1e,流山おおたかの森
a5,1f,豊四季
a5,21,柏
a5,23,新柏
a5,24,増尾
a5,25,逆井
a5,27,高柳
a5,28,六実
a5,29,新鎌ヶ谷
a5,2a,鎌ヶ谷
a5,2c,馬込沢
a5,2e,塚田
a5,2f,新船橋
a5,30,船橋
a8,1,曳舟
a8,3,押上
a9,1,池袋
a9,2,北池袋
a9,3,下板橋
a9,4,大山
a9,5,中板橋
a9,6,ときわ台
a9,7,上板橋
a9,8,東武練馬
a9,9,下赤塚
a9,a,成増
a9,c,和光市
a9,d,朝霞
a9,e,朝霞台
a9,f,志木
a9,10,柳瀬川
a9,11,みずほ台
a9,12,鶴瀬
a9,13,ふじみ野
a9,14,上福岡
a9,16,新河岸
a9,18,川越
a9,19,川越市
a9,1b,霞ヶ関
a9,1d,鶴ヶ島
a9,1e,若葉
a9,1f,坂戸
a9,20,北坂戸
a9,22,高坂
a9,24,東松山
a9,26,森林公園
a9,28,つきのわ
a9,29,武蔵嵐山
a9,2c,小川町
a9,2e,東武竹沢
a9,30,男衾
a9,32,鉢形
a9,33,玉淀
a9,34,寄居
aa,1,坂戸
aa,3,一本松
aa,4,西大家
aa,5,川角
aa,6,武州長瀬
aa,7,東毛呂
aa,8,武州唐沢
aa,9,越生
ae,1,印旛日本医大
ae,3,成田湯川
ae,7,空港第2ビル
ae,9,成田空港
af,1,京成上野
af,3,日暮里
af,4,新三河島
af,5,町屋
af,6,千住大橋
af,7,京成関屋
af,8,堀切菖蒲園
af,9,お花茶屋
af,a,青砥
af,b,京成高砂
af,d,京成小岩
af,e,江戸川
af,f,国府台
af,10,市川真間
af,11,菅野
af,12,京成八幡
af,13,鬼越
af,14,京成中山
af,15,東中山
af,16,京成西船
af,17,海神
af,19,京成船橋
af,1b,大神宮下
af,1c,船橋競馬場
af,1d,谷津
af,1f,京成津田沼
af,21,京成大久保
af,23,実籾
af,25,八千代台
af,27,京成大和田
af,29,勝田台
af,2b,志津
af,2c,ユーカリが丘
af,2e,京成臼井
af,31,京成佐倉
af,33,大佐倉
af,35,京成酒々井
af,37,宗吾参道
af,39,公津の杜
af,3a,京成成田
af,3d,東成田
b0,1,青砥
b0,2,京成立石
b0,3,四ッ木
b0,4,八広
b0,5,京成曳舟
b0,6,押上
b1,1,京成高砂
b1,2,柴又
b1,4,金町
b2,1,京成津田沼
b2,3,京成幕張本郷
b2,4,京成幕張
b2,6,検見川
b2,8,京成稲毛
b2,a,みどり台
b2,b,西登戸
b2,c,新千葉
b2,d,京成千葉
b2,e,千葉中央
b3,1,京成成田
b3,4,空港第2ビル
b3,5,成田空港
b4,1,東成田
b4,3,芝山千代田
b5,1,千葉中央
b5,4,千葉寺
b5,6,大森台
b5,9,学園前
b5,b,おゆみ野
b5,e,ちはら台
b6,1,松戸
b6,2,上本郷
b6,3,松戸新田
b6,4,みのり台
b6,5,八柱
b6,6,常盤平
b6,8,五香
b6,9,元山
b6,a,くぬぎ山
b6,b,北初富
b6,c,新鎌ヶ谷
b6,d,初富
b6,e,鎌ヶ谷大仏
b6,f,二和向台
b6,10,三咲
b6,11,滝不動
b6,12,高根公団
b6,13,高根木戸
b6,14,北習志野
b6,15,習志野
b6,16,薬園台
b6,17,前原
b6,18,新津田沼
b6,19,京成津田沼
b8,1,西船橋
b8,3,東海神
b8,6,飯山満
b8,8,北習志野
b8,9,船橋日大前
b8,b,八千代緑が丘
b8,e,八千代中央
b8,10,村上
b8,11,東葉勝田台
b9,1,京成高砂
b9,2,新柴又
b9,3,矢切
b9,4,北国分
b9,6,秋山
b9,7,東松戸
b9,c,松飛台
b9,e,大町
b9,10,新鎌ケ谷
b9,12,西白井
b9,14,白井
b9,16,小室
b9,19,千葉ニュータウン中央
b9,1d,印西牧の原
b9,21,印旛日本医大
ba,1,池袋
ba,3,椎名町
ba,4,東長崎
ba,5,江古田
ba,6,桜台
ba,7,練馬
ba,8,豊島園
ba,9,小竹向原
ba,a,新桜台
ba,b,中村橋
ba,c,富士見台
ba,d,練馬高野台
ba,e,石神井公園
ba,f,大泉学園
ba,10,保谷
ba,12,ひばりケ丘
ba,13,東久留米
ba,14,清瀬
ba,16,秋津
ba,1d,所沢
ba,1f,西所沢
ba,20,下山口
ba,22,西武球場前
ba,24,小手指
ba,26,狭山ヶ丘
ba,27,武蔵藤沢
ba,2a,稲荷山公園
ba,2b,入間市
ba,2d,仏子
ba,2e,元加治
ba,30,飯能
ba,31,東飯能
ba,32,武蔵丘
ba,33,高麗
ba,35,武蔵横手
ba,37,東吾野
ba,3a,吾野
ba,3c,西吾野
ba,3e,正丸
ba,42,芦ヶ久保
ba,45,横瀬
ba,47,西武秩父
bd,1,西武新宿
bd,3,高田馬場
bd,4,下落合
bd,5,中井
bd,6,新井薬師前
bd,7,沼袋
bd,8,野方
bd,9,都立家政
bd,a,鷺ノ宮
bd,b,下井草
bd,c,井荻
bd,d,上井草
bd,e,上石神井
bd,f,武蔵関
bd,10,東伏見
bd,11,西武柳沢
bd,12,田無
bd,14,花小金井
bd,16,小平
bd,18,久米川
bd,19,東村山
bd,1d,所沢
bd,1f,航空公園
bd,20,新所沢
bd,23,入曽
bd,25,狭山市
bd,27,新狭山
bd,29,南大塚
bd,2e,本川越
be,1,国分寺
be,3,恋ヶ窪
be,4,鷹の台
be,9,小川
be,19,東村山
be,1b,西武園
bf,1,拝島
bf,3,西武立川
bf,4,武蔵砂川
bf,6,玉川上水
bf,7,東大和市
bf,9,小川
bf,a,萩山
bf,16,小平
c0,1,国分寺
c0,3,一橋学園
c0,4,青梅街道
c0,a,萩山
c0,b,八坂
c0,d,武蔵大和
c0,e,西武遊園地
c0,f,遊園地西
c0,11,西武球場前
c0,13,下山口
c1,1,小竹向原
c1,3,新桜台
c1,7,練馬
c1,8,豊島園
c2,1,武蔵境
c2,2,新小金井
c2,4,多磨
c2,5,白糸台
c2,6,競艇場前
c2,7,是政
c4,5,秋葉原
c4,7,新御徒町
c4,9,浅草
c4,b,南千住
c4,d,北千住
c4,10,青井
c4,12,六町
c4,15,八潮
c4,18,三郷中央
c4,1a,南流山
c4,1c,流山セントラルパーク
c4,1e,流山おおたかの森
c4,21,柏の葉キャンパス
c4,23,柏たなか
c4,27,守谷
c4,2a,みらい平
c4,2d,みどりの
c4,30,万博記念公園
c4,33,研究学園
c4,36,つくば
c5,1,新宿
c5,2,初台
c5,3,幡ケ谷
c5,4,笹塚
c5,5,代田橋
c5,6,明大前
c5,7,下高井戸
c5,8,桜上水
c5,9,上北沢
c5,a,八幡山
c5,b,芦花公園
c5,c,千歳烏山
c5,d,仙川
c5,e,つつじケ丘
c5,f,柴崎
c5,10,国領
c5,11,布田
c5,12,調布
c5,13,西調布
c5,14,飛田給
c5,15,武蔵野台
c5,16,多磨霊園
c5,17,東府中
c5,18,府中
c5,19,分倍河原
c5,1a,中河原
c5,1b,聖蹟桜ケ丘
c5,1c,百草園
c5,1d,高幡不動
c5,1e,南平
c5,1f,平山城址公園
c5,20,長沼
c5,21,北野
c5,22,京王八王子
c7,1,調布
c7,2,京王多摩川
c7,3,京王稲田堤
c7,4,京王よみうりランド
c7,5,稲城
c7,6,若葉台
c7,7,京王永山
c7,8,京王多摩センター
c7,9,京王堀之内
c7,a,南大沢
c7,b,多摩境
c7,c,橋本
c8,1,北野
c8,2,京王片倉
c8,3,山田
c8,4,めじろ台
c8,5,狭間
c8,6,高尾
c8,7,高尾山口
c9,1,東府中
c9,2,府中競馬正門前
ca,1,高幡不動
ca,2,多摩動物公園
cb,1,渋谷
cb,2,神泉
cb,3,駒場東大前
cb,4,池ノ上
cb,5,下北沢
cb,6,新代田
cb,7,東松原
cb,8,明大前
cb,9,永福町
cb,a,西永福
cb,b,浜田山
cb,c,高井戸
cb,d,富士見ケ丘
cb,e,久我山
cb,f,三鷹台
cb,10,井の頭公園
cb,11,吉祥寺
ce,2,桜木町
ce,3,高島町
ce,5,横浜
ce,7,反町
ce,8,東白楽
ce,9,白楽
ce,a,妙蓮寺
ce,c,菊名
ce,e,大倉山
ce,f,綱島
ce,11,日吉
ce,12,元住吉
ce,14,武蔵小杉
ce,16,新丸子
ce,19,多摩川
ce,1a,田園調布
ce,1e,自由が丘
ce,1f,都立大学
ce,20,学芸大学
ce,21,祐天寺
ce,23,中目黒
ce,25,代官山
ce,26,渋谷
cf,12,蒲田
cf,14,矢口渡
cf,15,武蔵新田
cf,16,下丸子
cf,17,鵜の木
cf,18,沼部
cf,19,多摩川
cf,1a,田園調布
cf,1b,奥沢
cf,1c,大岡山
cf,1d,洗足
cf,1e,西小山
cf,1f,武蔵小山
cf,20,不動前
cf,21,目黒
d0,2,大井町
d0,3,下神明
d0,4,戸越公園
d0,5,中延
d0,6,荏原町
d0,7,旗の台
d0,8,北千束
d0,1c,大岡山
d0,1d,緑が丘
d0,1e,自由が丘
d0,1f,九品仏
d0,20,尾山台
d0,21,等々力
d0,22,上野毛
d0,23,二子玉川
d0,24,二子新地
d0,25,高津
d0,27,溝の口
d0,29,梶が谷
d0,2a,宮崎台
d0,2b,宮前平
d0,2c,鷺沼
d0,2d,たまプラーザ
d0,2e,あざみ野
d0,2f,江田
d0,30,市が尾
d0,31,藤が丘
d0,32,青葉台
d0,33,田奈
d0,35,長津田
d0,37,つくし野
d0,39,すずかけ台
d0,3b,南町田
d0,3d,つきみ野
d0,3f,中央林間
d1,2,五反田
d1,3,大崎広小路
d1,4,戸越銀座
d1,5,荏原中延
d1,7,旗の台
d1,8,長原
d1,9,洗足池
d1,a,石川台
d1,b,雪が谷大塚
d1,c,御嶽山
d1,d,久が原
d1,e,千鳥町
d1,f,池上
d1,10,蓮沼
d1,12,蒲田
d2,2,渋谷
d2,4,池尻大橋
d2,6,三軒茶屋
d2,8,駒沢大学
d2,a,桜新町
d2,c,用賀
d2,e,二子玉川
d3,6,三軒茶屋
d3,8,西太子堂
d3,9,若林
d3,a,松陰神社前
d3,b,世田谷
d3,c,上町
d3,d,宮の坂
d3,f,山下
d3,11,松原
d3,12,下高井戸
d3,35,長津田
d3,37,恩田
d3,3a,こどもの国
d4,1,横浜
d4,3,新高島
d4,5,みなとみらい
d4,7,馬車道
d4,9,日本大通り
d4,b,元町・中華街
d5,1,泉岳寺
d5,2,品川
d5,3,北品川
d5,4,新馬場
d5,6,青物横丁
d5,7,鮫洲
d5,8,立会川
d5,9,大森海岸
d5,a,平和島
d5,b,大森町
d5,c,梅屋敷
d5,d,京急蒲田
d5,e,雑色
d5,f,六郷土手
d5,10,京急川崎
d5,11,八丁畷
d5,12,鶴見市場
d5,13,京急鶴見
d5,14,花月園前
d5,15,生麦
d5,16,京急新子安
d5,17,子安
d5,18,神奈川新町
d5,19,仲木戸
d5,1a,神奈川
d5,1b,横浜
d5,1c,戸部
d5,1d,日ノ出町
d5,1e,黄金町
d5,1f,南太田
d5,20,井土ヶ谷
d5,21,弘明寺
d5,22,上大岡
d5,24,屏風浦
d5,25,杉田
d5,27,京急富岡
d5,28,能見台
d5,29,金沢文庫
d5,2a,金沢八景
d5,2b,追浜
d5,2c,京急田浦
d5,2e,安針塚
d5,2f,逸見
d5,30,汐入
d5,31,横須賀中央
d5,32,県立大学
d5,33,堀ノ内
d5,34,京急大津
d5,35,馬堀海岸
d5,36,浦賀
d6,1,京急蒲田
d6,2,糀谷
d6,3,大鳥居
d6,4,穴守稲荷
d6,5,天空橋
d6,6,羽田空港第3ターミナル
d6,7,羽田空港第1・第2ターミナル
d7,1,京急川崎
d7,2,港町
d7,3,鈴木町
d7,4,川崎大師
d7,5,東門前
d7,6,産業道路
d7,7,小島新田
d8,1,金沢八景
d8,2,六浦
d8,4,神武寺
d8,6,新逗子
d9,1,堀ノ内
d9,2,新大津
d9,3,北久里浜
d9,5,京急久里浜
d9,6,YRP野比
d9,7,京急長沢
d9,8,津久井浜
d9,9,三浦海岸
d9,a,三崎口
de,1,新百合ヶ丘
de,2,五月台
de,3,栗平
de,4,黒川
de,5,はるひ野
de,6,小田急永山
de,8,小田急多摩センター
de,a,唐木田
e0,1,新宿
e0,2,南新宿
e0,3,参宮橋
e0,4,代々木八幡
e0,5,代々木上原
e0,6,東北沢
e0,7,下北沢
e0,8,世田谷代田
e0,9,梅ヶ丘
e0,a,豪徳寺
e0,b,経堂
e0,c,千歳船橋
e0,d,祖師ヶ谷大蔵
e0,e,成城学園前
e0,f,喜多見
e0,11,狛江
e0,12,和泉多摩川
e0,13,登戸
e0,14,向ヶ丘遊園
e0,15,生田
e0,16,読売ランド前
e0,17,百合ヶ丘
e0,18,新百合ヶ丘
e0,19,柿生
e0,1a,鶴川
e0,1c,玉川学園前
e0,1e,町田
e0,1f,相模大野
e0,21,小田急相模原
e0,22,相武台前
e0,23,座間
e0,25,海老名
e0,26,厚木
e0,27,本厚木
e0,29,愛甲石田
e0,2b,伊勢原
e0,2d,鶴巻温泉
e0,2e,東海大学前
e0,30,秦野
e0,32,渋沢
e0,34,新松田
e0,36,開成
e0,37,栢山
e0,38,富水
e0,39,螢田
e0,3a,足柄
e0,3b,小田原
e1,1,相模大野
e1,2,東林間
e1,3,中央林間
e1,4,南林間
e1,5,鶴間
e1,7,大和
e1,8,桜ヶ丘
e1,9,高座渋谷
e1,b,長後
e1,c,湘南台
e1,d,六会日大前
e1,e,善行
e1,f,藤沢本町
e1,10,藤沢
e1,11,本鵠沼
e1,12,鵠沼海岸
e1,14,片瀬江ノ島
e3,2c,浅草
e3,2d,田原町
e3,2e,稲荷町
e3,2f,上野
e3,30,上野広小路
e3,31,末広町
e3,32,神田
e3,33,三越前
e3,34,日本橋
e3,35,京橋
e3,36,銀座
e3,37,新橋
e3,38,虎ノ門
e3,39,溜池山王
e3,3a,赤坂見附
e3,3b,青山一丁目
e3,3c,外苑前
e3,3d,表参道
e3,3e,渋谷
e3,47,北綾瀬
e3,48,綾瀬
e3,4a,北千住
e3,4c,町屋
e3,4d,西日暮里
e3,4e,千駄木
e3,4f,根津
e3,50,湯島
e3,51,新御茶ノ水
e3,53,大手町
e3,54,二重橋前
e3,55,日比谷
e3,56,霞ヶ関
e3,57,国会議事堂前
e3,58,赤坂
e3,59,乃木坂
e3,5b,表参道
e3,5c,明治神宮前
e3,5d,代々木公園
e3,5e,代々木上原
e3,65,和光市
e3,66,地下鉄成増
e3,68,地下鉄赤塚
e3,6a,平和台
e3,6b,氷川台
e3,6d,小竹向原
e3,6e,千川
e3,6f,要町
e3,70,池袋
e3,71,東池袋
e3,72,護国寺
e3,73,江戸川橋
e3,75,飯田橋
e3,76,市ヶ谷
e3,77,麹町
e3,78,永田町
e3,79,桜田門
e3,7a,有楽町
e3,7b,銀座一丁目
e3,7c,新富町
e3,7d,月島
e3,7e,豊洲
e3,7f,辰巳
e3,80,新木場
e4,25,北千住
e4,27,南千住
e4,28,三ノ輪
e4,29,入谷
e4,2a,上野
e4,2b,仲御徒町
e4,2c,秋葉原
e4,2d,小伝馬町
e4,2e,人形町
e4,2f,茅場町
e4,30,八丁堀
e4,31,築地
e4,32,東銀座
e4,33,銀座
e4,34,日比谷
e4,35,霞ヶ関
e4,37,神谷町
e4,39,六本木
e4,3b,広尾
e4,3d,恵比寿
e4,3e,中目黒
e4,41,中野
e4,43,落合
e4,45,高田馬場
e4,47,早稲田
e4,48,神楽坂
e4,49,飯田橋
e4,4a,九段下
e4,4b,竹橋
e4,4c,大手町
e4,4d,日本橋
e4,4e,茅場町
e4,50,門前仲町
e4,51,木場
e4,52,東陽町
e4,53,南砂町
e4,54,西葛西
e4,55,葛西
e4,57,浦安
e4,58,南行徳
e4,59,行徳
e4,5a,妙典
e4,5c,原木中山
e4,5e,西船橋
e5,21,池袋
e5,23,新大塚
e5,24,茗荷谷
e5,26,後楽園
e5,27,本郷三丁目
e5,28,御茶ノ水
e5,29,淡路町
e5,2a,大手町
e5,2b,東京
e5,2c,銀座
e5,2d,霞ヶ関
e5,2e,国会議事堂前
e5,2f,赤坂見附
e5,30,四ッ谷
e5,31,四谷三丁目
e5,32,新宿御苑前
e5,33,新宿三丁目
e5,34,新宿
e5,35,西新宿
e5,36,中野坂上
e5,37,新中野
e5,38,東高円寺
e5,39,新高円寺
e5,3a,南阿佐ヶ谷
e5,3c,荻窪
e5,41,中野坂上
e5,42,中野新橋
e5,43,中野富士見町
e5,44,方南町
e6,21,渋谷
e6,26,永田町
e6,27,半蔵門
e6,28,九段下
e6,29,神保町
e6,2b,大手町
e6,2c,三越前
e6,2d,水天宮前
e6,2f,清澄白河
e6,31,住吉
e6,33,錦糸町
e6,35,押上
e7,1,小竹向原
e7,4,池袋駅
e7,5,藤崎
e7,6,雑司が谷
e7,8,西早稲田
e7,a,東新宿
e7,c,新宿三丁目
e7,e,北参道
e7,10,明治神宮前
e7,12,渋谷
e7,24,目黒
e7,25,白金台
e7,26,白金高輪
e7,28,麻布十番
e7,29,六本木一丁目
e7,2a,溜池山王
e7,2c,永田町
e7,2e,四ッ谷
e7,30,市ヶ谷
e7,32,飯田橋
e7,33,後楽園
e7,34,東大前
e7,35,本駒込
e7,36,駒込
e7,37,西ヶ原
e7,38,王子
e7,39,王子神谷
e7,3b,志茂
e7,3c,赤羽岩淵
ed,1,赤羽岩淵
ed,2,川口元郷
ed,4,南鳩ケ谷
ed,6,鳩ケ谷
ed,8,新井宿
ed,a,戸塚安行
ed,c,東川口
ed,e,浦和美園
ee,1,リゾートゲートウェイ
ee,2,東京ディズニーランド
ee,4,ベイサイド
ee,6,東京ディズニーシー
ef,1,押上
ef,2,本所吾妻橋
ef,3,浅草
ef,4,蔵前
ef,5,浅草橋
ef,6,東日本橋
ef,7,人形町
ef,8,日本橋
ef,9,宝町
ef,a,東銀座
ef,b,新橋
ef,c,大門
ef,d,三田
ef,e,泉岳寺
ef,f,高輪台
ef,10,五反田
ef,11,戸越
ef,12,中延
ef,13,馬込
ef,14,西馬込
f0,27,西高島平
f0,28,新高島平
f0,29,高島平
f0,2a,西台
f0,2b,蓮根
f0,2c,志村三丁目
f0,2d,志村坂上
f0,2e,本蓮沼
f0,2f,板橋本町
f0,30,板橋区役所前
f0,31,新板橋
f0,32,西巣鴨
f0,33,巣鴨
f0,34,千石
f0,35,白山
f0,36,春日
f0,37,水道橋
f0,38,神保町
f0,39,大手町
f0,3a,日比谷
f0,3b,内幸町
f0,3c,御成門
f0,3d,芝公園
f0,3e,三田
f0,40,白金高輪
f0,42,白金台
f0,44,目黒
f1,1,新宿
f1,2,新宿三丁目
f1,3,曙橋
f1,4,市ヶ谷
f1,5,九段下
f1,6,神保町
f1,7,小川町
f1,8,岩本町
f1,9,馬喰横山
f1,a,浜町
f1,b,森下
f1,c,菊川
f1,d,住吉
f1,e,西大島
f1,f,大島
f1,11,東大島
f1,13,船堀
f1,15,一之江
f1,17,瑞江
f1,19,篠崎
f1,1b,本八幡
f2,4,森下
f2,6,清澄白河
f2,8,門前仲町
f2,a,月島
f2,c,勝どき
f2,e,築地市場
f2,10,汐留
f2,12,大門
f2,14,赤羽橋
f2,16,麻布十番
f2,18,六本木
f2,1a,青山一丁目
f2,1c,国立競技場
f2,1e,代々木
f2,20,新宿
f2,22,都庁前
f2,24,西新宿五丁目
f2,26,中野坂上
f2,28,東中野
f2,2a,中井
f2,2c,落合南長崎
f2,2e,新江古田
f2,30,練馬
f2,32,豊島園
f2,34,練馬春日町
f2,36,光が丘
f3,3,森下
f3,5,両国
f3,7,蔵前
f3,9,新御徒町
f3,b,上野御徒町
f3,d,本郷三丁目
f3,f,春日
f3,11,飯田橋
f3,13,牛込神楽坂
f3,15,牛込柳町
f3,17,若松河田
f3,19,東新宿
f3,1b,新宿西口
f3,1d,都庁前
f4,6,日暮里
f4,8,西日暮里
f4,a,赤土小学校前
f4,c,熊野前
f4,e,足立小台
f4,10,扇大橋
f4,12,高野
f4,14,江北
f4,16,西新井大師西
f4,18,谷在家
f4,1a,舎人公園
f4,1c,舎人
f4,1e,見沼代親水公園
f6,1f,多摩センター
f6,21,松が谷
f6,23,大塚・帝京大学
f6,25,中央大学・明星大学
f6,27,多摩動物公園
f6,29,程久保
f6,2b,高幡不動
f6,2d,万願寺
f6,2f,甲州街道
f6,31,柴崎体育館
f6,33,立川南
f6,35,立川北
f6,37,高松
f6,39,立飛
f6,3b,泉体育館
f6,3d,砂川七番
f6,3f,玉川上水
f6,41,桜街道
f6,43,上北台
f7,1,大月
f9,1,千葉
f9,3,千葉公園
f9,5,作草部
f9,7,天台
f9,9,穴川
f9,b,スポーツセンター
f9,d,動物公園
f9,f,みつわ台
f9,11,都賀
f9,13,桜木
f9,15,小倉台
f9,17,千城台北
f9,19,千城台
f9,41,千葉みなと
f9,43,市役所前
f9,45,千葉
f9,47,栄町
f9,49,葭川公園
f9,4b,県庁前
fa,1,モノレール浜松町
fa,3,天王洲アイル
fa,4,大井競馬場前
fa,5,流通センター
fa,6,昭和島
fa,7,整備場
fa,8,羽田
fa,9,天空橋
fa,a,羽田空港第3ターミナル
fa,b,新整備場
fa,c,羽田空港第1ターミナル
fa,d,羽田空港第2ターミナル
fb,1,大船
fb,3,富士見町
fb,5,湘南町屋
fb,7,湘南深沢
fb,9,西鎌倉
fb,b,片瀬山
fb,d,目白山下
fb,f,湘南江の島
fc,1,ユーカリが丘
fd,2,三島
fd,4,三島広小路
fd,6,三島田町
fd,8,三島二日町
fd,a,大場
fd,c,伊豆仁田
fd,e,原木
fd,10,韮山
fd,12,伊豆長岡
fd,14,田京
fd,16,大仁
fd,18,牧之郷
fd,1a,修善寺
fe,2,小田原
fe,4,緑町
fe,6,井細田
fe,8,五百羅漢
fe,a,穴部
fe,c,飯田岡
fe,e,相模沼田
fe,10,岩原
fe,12,塚原
fe,14,和田河原
fe,16,富士フィルム前
fe,18,大雄山
ff,2,伊東
ff,4,南伊東
ff,6,川奈
ff,8,富戸
ff,9,城ヶ崎海岸
ff,a,伊豆高原
ff,c,伊豆大川
ff,e,伊豆北川
ff,10,伊豆熱川
ff,12,片瀬白田
ff,14,伊豆稲取
ff,16,今井浜海岸
ff,18,河津
ff,1a,稲梓
ff,1c,蓮台寺
ff,1e,伊豆急下田
81,28,高畑
81,2a,八田
81,2c,岩塚
81,30,中村公園
81,32,中村日赤
81,34,本陣
81,36,亀島
81,3a,名古屋
81,3e,伏見
81,42,栄
81,46,新栄町
81,48,千種
81,4a,今池
81,4c,池下
81,4e,覚王山
81,52,本山
81,54,東山公園
81,58,星ヶ丘
81,5c,一社
81,60,上社
81,62,本郷
81,66,藤が丘
82,a,名古屋港
82,c,築地口
82,e,港区役所
82,10,東海通
82,14,六番町
82,18,日比野
82,1c,金山
82,1e,東別院
82,20,上前津
82,22,矢場町
82,24,栄
82,26,久屋大通
82,28,市役所
82,2c,名城公園
82,30,黒川
82,34,志賀本通
82,36,平安通
82,38,大曽根
83,1e,上小田井
83,20,庄内緑地公園
83,24,庄内通
83,28,浄心
83,2a,浅間町
83,2c,丸の内
83,30,伏見
83,34,大須観音
83,36,上前津
83,38,鶴舞
83,3c,荒畑
83,3e,御器所
83,42,川名
83,44,いりなか
83,48,八事
83,4c,塩釜口
83,50,植田
83,52,原
83,54,平針
83,58,赤池
84,6,西高蔵
84,8,神宮西
84,c,伝馬町
84,10,堀田
84,12,妙音通
84,14,新瑞橋
84,16,瑞穂運動場東
84,1a,総合リハビリセンター
84,20,八事日赤
84,22,名古屋大学
84,24,本山
84,26,自由ヶ丘
84,28,茶屋ケ坂
84,2a,砂田橋
84,2c,ナゴヤドーム前矢田
85,32,上飯田
86,32,中村区役所
86,38,国際センター
86,40,高岳
86,44,車道
86,46,今池
86,48,吹上
86,4a,御器所
86,4e,桜山
86,50,瑞穂区役所
86,52,瑞穂運動場西
86,54,新瑞橋
86,56,桜本町
86,58,鶴里
86,5a,野並
86,5c,鳴子北
86,5e,相生山
86,62,神沢
86,64,徳重
8c,1,名古屋
8c,4,ささしまライブ
8c,8,小本
8c,a,小本
8c,d,荒子
8c,10,南荒子
8c,13,中島
8c,16,名古屋競馬場前
8c,19,荒子川公園
8c,1c,稲永
8c,1f,野跡
8c,22,金城ふ頭
8f,1,藤が丘
8f,4,はなみずき通
8f,7,杁ヶ池公園
8f,a,長久手古戦場
8f,d,芸大西
8f,10,公園西
8f,13,愛・地球博記念公園
8f,16,陶磁資料館南
8f,19,八草
a5,32,豊橋
a5,34,伊奈
a5,36,小田渕
a5,38,国府
a5,3a,御油
a5,3c,名電赤坂
a5,3e,名電長沢
a5,40,本宿
a5,42,名電山中
a5,44,藤川
a5,46,美合
a5,48,男川
a5,4a,東岡崎
a5,4c,岡崎公園前
a5,4e,矢作橋
a5,50,宇頭
a5,52,新安城
a5,54,牛田
a5,56,知立
a5,58,一ツ木
a5,5a,富士松
a5,5c,豊明
a5,5e,前後
a5,60,中京競馬場前
a5,62,有松
a5,64,左京山
a5,66,鳴海
a5,68,本星崎
a5,6a,本笠寺
a5,6c,桜
a5,6e,呼続
a5,70,堀田
a5,72,神宮前
a5,74,金山
a5,76,山王
a5,78,名鉄名古屋
a5,7a,栄生
a5,7c,東枇杷島
a5,7e,枇杷島分岐点
a5,80,西枇杷島
a5,82,二ツ杁
a5,84,新川橋
a5,86,須ヶ口
a5,88,丸ノ内
a5,8a,新清洲
a5,8c,大里
a5,8e,奥田
a5,90,国府宮
a5,92,島氏永
a5,94,妙興寺
a5,96,名鉄一宮
a5,98,今伊勢
a5,9a,石刀
a5,9c,新木曽川
a5,9e,黒田
a5,a0,木曽川堤
a5,a2,東笠松
a5,a4,笠松
a5,a6,岐南
a5,a8,茶所
a5,aa,加納
a5,ac,名鉄岐阜
a6,8,国府
a6,a,八幡
a6,10,諏訪町
a6,12,稲荷口
a6,14,豊川稲荷
a7,8,新安城
a7,a,北安城
a7,c,南安城
a7,e,碧海古井
a7,10,堀内公園
a7,12,桜井
a7,13,南桜井
a7,14,米津
a7,16,桜町前
a7,18,西尾口
a7,1a,西尾
a7,1c,福地
a7,1e,鎌谷
a7,20,上横須賀
a7,22,三河荻原
a7,24,吉良吉田
a7,26,三河鳥羽
a7,28,西幡豆
a7,2a,東幡豆
a7,2c,こどもの国
a7,2e,西浦
a7,30,形原
a7,32,三河鹿島
a7,34,蒲郡競艇場前
a7,36,蒲郡
a8,8,知立
a8,a,重原
a8,c,刈谷
a8,e,刈谷市
a8,10,小垣江
a8,12,吉浜
a8,14,三河高浜
a8,16,高浜港
a8,18,北新川
a8,1a,新川町
a8,1c,碧南中央
a8,1e,碧南
a9,8,知立
a9,a,三河知立
a9,c,三河八橋
a9,e,若林
a9,10,竹村
a9,12,土橋
a9,14,上拳母
a9,16,豊田市
a9,18,梅坪
a9,1a,越戸
a9,1c,平戸橋
a9,1e,猿投
ab,8,梅坪
ab,a,上豊田
ab,c,浄水
ab,e,三好ヶ丘
ab,10,黒笹
ab,12,米野木
ab,14,日進
ab,16,赤池
ac,8,神宮前
ac,a,豊田本町
ac,c,道徳
ac,e,大江
ac,10,大同町
ac,12,柴田
ac,14,名和
ac,16,聚楽園
ac,18,新日鉄前
ac,1a,太田川
ac,1c,尾張横須賀
ac,1e,寺本
ac,20,朝倉
ac,22,古見
ac,24,長浦
ac,26,日長
ac,28,新舞子
ac,2a,大野町
ac,2c,西ノ口
ac,2e,蒲池
ac,30,榎戸
ac,32,多屋
ac,34,常滑
ac,36,りんくう常滑
ac,38,中部国際空港
ad,8,大江
ad,a,東名古屋港
ae,8,太田川
ae,a,高横須賀
ae,c,南加木屋
ae,e,八幡新田
ae,10,巽ケ丘
ae,12,白沢
ae,14,坂部
ae,15,阿久比
ae,16,椋岡
ae,18,植大
ae,1a,半田口
ae,1c,住吉町
ae,1e,知多半田
ae,20,成岩
ae,22,青山
ae,24,上ゲ
ae,26,知多武豊
ae,28,富貴
ae,2a,布土
ae,2c,河和口
ae,2e,河和
af,8,富貴
af,a,上野間
af,b,美浜緑苑
af,c,知多奥田
af,e,野間
af,12,内海
b0,8,須ヶ口
b0,a,甚目寺
b0,c,七宝
b0,e,木田
b0,10,青塚
b0,12,勝幡
b0,14,藤浪
b0,16,津島
b1,8,名鉄一宮
b1,a,観音寺
b1,c,苅安賀
b1,e,二子
b1,10,萩原
b1,12,玉野
b1,14,山崎
b1,16,森上
b1,18,上丸渕
b1,1a,丸渕
b1,1c,渕高
b1,1e,六輪
b1,20,町方
b1,22,津島
b1,24,日比野
b1,26,佐屋
b1,28,五ノ三
b1,2a,弥富口
b1,2c,弥富
b2,8,名鉄一宮
b2,a,西一宮
b2,c,開明
b2,e,奥町
b2,10,玉ノ井
b3,8,笠松
b3,a,西笠松
b3,c,柳津
b3,e,南宿
b3,10,須賀
b3,12,不破一色
b3,14,竹鼻
b3,16,羽島市役所前
b3,17,江吉良
b4,8,江吉良
b4,a,新羽島
b5,8,枇杷島分岐点
b5,a,下小田井
b5,c,中小田井
b5,e,上小田井
b5,10,西春
b5,12,徳重・名古屋芸大
b5,14,大山寺
b5,16,岩倉
b5,18,石仏
b5,1a,布袋
b5,1c,江南
b5,1e,柏森
b5,20,扶桑
b5,22,木津用水
b5,24,犬山口
b5,26,犬山
b5,28,犬山遊園
b5,2a,新鵜沼
b6,8,犬山
b6,a,富岡前
b6,c,善師野
b6,e,西可児
b6,10,可児川
b6,12,日本ライン今渡
b6,14,新可児
b6,16,学校前
b6,18,明智
b6,1a,顔戸
b6,1c,御嵩口
b6,1e,御嵩
b8,8,犬山
b8,a,羽黒
b8,c,楽田
b8,e,田県神社前
b8,10,味岡
b8,12,小牧原
b8,14,小牧
b8,16,小牧口
b8,18,間内
b8,1a,牛山
b8,1c,春日井
b8,1e,味美
b8,20,味鋺
b8,22,上飯田
b9,8,名鉄岐阜
b9,a,田神
b9,c,細畑
b9,e,切通
b9,10,手力
b9,12,高田橋
b9,14,新加納
b9,16,新那加
b9,18,市民公園前
b9,1a,各務原市役所前
b9,1c,六軒
b9,1e,三柿野
b9,20,二十軒
b9,22,名電各務原
b9,24,苧ケ瀬
b9,26,羽場
b9,28,鵜沼宿
b9,2a,新鵜沼
ba,a,栄町
ba,e,東大手
ba,12,清水
ba,14,尼ケ坂
ba,16,森下
ba,18,大曽根
ba,1a,矢田
ba,1c,守山自衛隊前
ba,1e,瓢箪山
ba,20,小幡
ba,22,喜多山
ba,24,大森・金城学院前
ba,25,印場
ba,26,旭前
ba,28,尾張旭
ba,2a,三郷
ba,2c,水野
ba,2e,新瀬戸
ba,30,瀬戸市役所前
ba,32,尾張瀬戸
bc,28,本揖斐
be,8,犬山遊園
be,a,成田山
be,c,動物園
c7,1,小牧
c7,4,小牧原
c7,7,東田中
c7,a,上末
c7,d,桃花台西
c7,10,桃花台センター
c7,13,桃花台東
cd,2,新豊橋
cd,1e,三河田原
d5,1,新静岡
d5,3,日吉町
d5,5,音羽町
d5,7,春日町
d5,9,柚木
d5,b,長沼
d5,d,古庄
d5,f,県総合運動場
d5,10,県立美術館前
d5,11,草薙
d5,15,御門台
d5,17,狐ケ崎
d5,19,桜橋
d5,1b,入江岡
d5,1d,新清水
da,1,屋代（2012.4.1廃止）
80,34,和歌山
81,1,売店販売用
81,15,江坂
81,16,東三国
81,17,新大阪
81,18,西中島南方
81,1b,中津
81,1c,梅田
81,1f,淀屋橋
81,21,本町
81,23,心斎橋
81,24,なんば
81,25,大国町
81,28,動物園前
81,2a,天王寺
81,2c,昭和町
81,2d,西田辺
81,2e,長居
81,2f,あびこ
81,30,北花田
81,31,新金岡
81,32,なかもず
81,87,全線定期
82,12,大日
82,14,守口
82,15,太子橋今市
82,16,千林大宮
82,17,関目高殿
82,18,野江内代
82,19,都島
82,1a,天神橋筋六丁目
82,1b,中崎町
82,1c,東梅田
82,1e,南森町
82,22,天満橋
82,24,谷町四丁目
82,26,谷町六丁目
82,27,谷町九丁目
82,28,四天王寺前夕陽ヶ丘
82,2a,天王寺
82,2c,阿倍野
82,2e,文の里
82,2f,田辺
82,30,駒川中野
82,31,平野
82,32,喜連瓜破
82,33,出戸
82,34,長原
82,35,八尾南
83,1c,西梅田
83,1e,肥後橋
83,21,本町
83,22,四ツ橋
83,24,なんば
83,25,大国町
83,26,花園町
83,27,岸里
83,28,玉出
83,29,北加賀屋
83,2a,住之江公園
84,16,コスモスクエア
84,17,大阪港
84,18,朝潮橋
84,19,弁天町
84,1d,九条
84,1f,阿波座
84,21,本町
84,22,堺筋本町
84,24,谷町四丁目
84,26,森ノ宮
84,27,緑橋
84,28,深江橋
84,29,高井田
84,2b,長田
85,1b,野田阪神
85,1d,玉川
85,1f,阿波座
85,21,西長堀
85,23,桜川
85,24,なんば
85,25,日本橋
85,27,谷町九丁目
85,29,鶴橋
85,2a,今里
85,2b,新深江
85,2c,小路
85,2d,北巽
85,2e,南巽
86,1a,天神橋筋六丁目
86,1c,扇町
86,1e,南森町
86,20,北浜
86,22,堺筋本町
86,24,長堀橋
86,25,日本橋
86,26,恵美須町
86,28,動物園前
86,2a,天下茶屋
87,7,門真南
87,8,鶴見緑地
87,a,横堤
87,b,今福鶴見
87,c,蒲生四丁目
87,e,京橋
87,f,大阪ビジネスパーク
87,11,森ノ宮
87,12,玉造
87,14,谷町六丁目
87,15,松屋町
87,16,長堀橋
87,17,心斎橋
87,19,西大橋
87,1a,西長堀
87,1b,ドーム前千代崎
87,1c,大正
88,7,井高野
88,9,瑞光四丁目
88,b,だいどう豊里
88,d,太子橋今市
88,f,清水
88,11,新森古市
88,13,関目成育
88,15,蒲生四丁目
88,17,鴫野
88,19,緑橋
88,1b,今里
8a,93,国際会館
8a,95,松ヶ崎
8a,97,北山
8a,98,北山
8a,99,北大路
8a,9a,鞍馬口
8a,9c,今出川
8a,9e,丸太町
8a,9f,烏丸御池
8a,a1,四条
8a,a3,五条
8a,a5,京都
8a,a7,九条
8a,a8,十条
8a,a9,くいな橋
8a,aa,竹田
8b,93,六地蔵
8b,95,石田
8b,97,醍醐
8b,99,小野
8b,9b,椥辻
8b,9d,東野
8b,9f,山科
8b,a1,御陵
8b,a3,蹴上
8b,a5,東山
8b,a6,三条京阪
8b,a7,京都市役所前
8b,ab,二条城前
8b,ac,二条
8b,ae,西大路御池
8b,b0,太秦天神川
8c,16,コスモスクエア
8c,1a,トレードセンター前
8c,1c,中ふ頭
8c,1e,ポートタウン西
8c,20,ポートタウン東
8c,22,フェリーターミナル
8c,24,南港東
8c,26,南港口
8c,28,平林
8c,2a,住之江公園
8d,16,コスモスクエア
8d,17,大阪港
8e,16,コスモスクエア
8e,1a,トレードセンター前
8e,1c,中ふ頭
8f,43,阪神三宮
8f,44,元町
8f,46,西元町
8f,48,高速神戸
8f,49,新開地
8f,4b,大開
8f,4d,高速長田
8f,4f,西代
90,44,阪急三宮
90,46,花隈
90,48,高速神戸
90,49,新開地
91,4f,湊川
93,1,梅田
93,3,福島
93,5,野田
93,7,淀川
93,9,姫島
93,b,千船
93,d,杭瀬
93,f,大物
93,11,尼崎
93,13,出屋敷
93,15,尼崎センタープール前
93,17,武庫川
93,19,鳴尾
93,1b,甲子園
93,1d,久寿川
93,1e,今津
93,21,西宮
93,23,香櫨園
93,25,打出
93,27,芦屋
93,29,深江
93,2b,青木
93,2d,魚崎
93,2f,住吉
93,30,御影
93,32,石屋川
93,34,新在家
93,36,大石
93,37,西灘
93,38,岩屋
93,3a,春日野道
93,3c,三宮
93,3e,元町
94,1,大阪難波
94,3,桜川
94,4,ドーム前
94,5,九条
94,7,西九条
94,8,千鳥橋
94,9,伝法
94,b,福
94,d,出来島
95,19,東鳴尾
95,1a,洲先
95,1b,武庫川団地前
9d,1,梅田
9d,3,中津
9d,5,十三
9d,7,神崎川
9d,a,園田
9d,d,塚口
9d,f,武庫之荘
9d,12,西宮北口
9d,14,夙川
9d,16,芦屋川
9d,18,岡本
9d,1a,御影
9d,1c,六甲
9d,1e,王子公園
9d,20,春日野道
9d,22,神戸三宮
9e,1,梅田
9e,3,中津
9e,5,十三
9e,7,三国
9e,9,庄内
9e,b,服部天神
9e,d,曽根
9e,f,岡町
9e,11,豊中
9e,13,蛍池
9e,15,石橋
9e,17,池田
9e,19,川西能勢口
9e,1b,雲雀丘花屋敷
9e,1d,山本
9e,1f,中山観音
9e,21,売布神社
9e,23,清荒神
9e,25,宝塚
9f,1,梅田
9f,5,十三
9f,7,南方
9f,9,崇禅寺
9f,b,淡路
9f,d,上新庄
9f,f,相川
9f,11,正雀
9f,12,摂津市
9f,14,南茨木
9f,16,茨木市
9f,18,総持寺
9f,1a,富田
9f,1d,高槻市
9f,20,上牧
9f,22,水無瀬
9f,24,大山崎
9f,26,西山天王山
9f,27,長岡天神
9f,29,西向日
9f,2b,東向日
9f,2c,洛西口
9f,2d,桂
9f,2f,西京極
9f,31,西院
9f,33,大宮
9f,35,烏丸
9f,37,河原町
a0,d,塚口
a0,f,稲野
a0,11,新伊丹
a0,13,伊丹
a1,e,今津
a1,10,阪神国道
a1,12,西宮北口
a1,14,門戸厄神
a1,16,甲東園
a1,18,仁川
a1,1a,小林
a1,1c,逆瀬川
a1,1e,宝塚南口
a1,20,宝塚
a2,14,夙川
a2,16,苦楽園口
a2,18,甲陽園
a3,15,石橋
a3,17,桜井
a3,19,牧落
a3,1b,箕面
a4,7,天神橋筋六丁目
a4,9,柴島
a4,b,淡路
a4,d,下新庄
a4,f,吹田
a4,11,豊津
a4,13,関大前
a4,15,千里山
a4,17,南千里
a4,19,山田
a4,1b,北千里
a5,2d,桂
a5,2f,上桂
a5,31,松尾大社
a5,33,嵐山
ab,1,大阪空港
ab,3,蛍池
ab,5,柴原
ab,7,少路
ab,9,千里中央
ab,b,山田
ab,d,万博記念公園
ab,f,宇野辺
ab,11,南茨木
ab,13,沢良宜
ab,15,摂津
ab,17,南摂津
ab,19,大日
ab,1b,門真市
ac,f,公園東口
ac,11,阪大病院前
ac,13,豊川
ac,15,彩都西
ad,19,川西能勢口
ad,1b,絹延橋
ad,1d,滝山
ad,1f,鶯の森
ad,21,鼓滝
ad,23,多田
ad,25,平野
ad,27,一の鳥居
ad,29,畦野
ad,2b,山下
ad,2d,笹部
ad,2f,光風台
ad,30,ときわ台
ad,32,妙見口
ae,2b,山下
ae,2f,日生中央
b1,1,難波
b1,3,今宮戎
b1,5,新今宮
b1,7,萩ノ茶屋
b1,9,天下茶屋
b1,b,岸里玉出
b1,f,粉浜
b1,11,住吉大社
b1,13,住ノ江
b1,15,七道
b1,17,堺
b1,19,湊
b1,1b,石津川
b1,1d,諏訪ノ森
b1,1f,浜寺公園
b1,21,羽衣
b1,23,高石
b1,25,北助松
b1,27,松ノ浜
b1,29,泉大津
b1,2b,忠岡
b1,2d,春木
b1,2f,和泉大宮
b1,31,岸和田
b1,33,蛸地蔵
b1,35,貝塚
b1,37,二色浜
b1,39,鶴原
b1,3b,井原里
b1,3d,泉佐野
b1,3f,羽倉崎
b1,41,吉見ノ里
b1,43,岡田浦
b1,45,樽井
b1,47,尾崎
b1,49,鳥取ノ荘
b1,4b,箱作
b1,4d,淡輪
b1,4f,みさき公園
b1,51,孝子
b1,52,和歌山大学前
b1,53,紀ノ川
b1,55,和歌山市
b1,5d,和歌山港
b2,1,汐見橋
b2,3,芦原町
b2,5,木津川
b2,7,津守
b2,9,西天下茶屋
b2,b,岸里玉出
b2,d,帝塚山
b2,f,住吉東
b2,11,沢ノ町
b2,13,我孫子前
b2,15,浅香山
b2,17,堺東
b2,19,三国ヶ丘
b2,1b,百舌鳥八幡
b2,1d,中百舌鳥
b2,1f,白鷺
b2,21,初芝
b2,23,萩原天神
b2,25,北野田
b2,27,狭山
b2,29,大阪狭山市
b2,2b,金剛
b2,2d,滝谷
b2,2f,千代田
b2,31,河内長野
b2,33,三日市町
b2,34,美加の台
b2,35,千早口
b2,37,天見
b2,39,紀見峠
b2,3a,林間田園都市
b2,3b,御幸辻
b2,3d,橋本
b2,3f,紀伊清水
b2,41,学文路
b2,43,九度山
b2,45,高野下
b2,47,下古沢
b2,49,上古沢
b2,4b,紀伊細川
b2,4d,紀伊神谷
b2,4f,極楽橋
b2,51,高野山
b3,57,和歌山
b3,6f,貴志
b4,55,東松江
b4,57,中松江
b4,59,八幡前
b4,5b,西ノ庄
b4,5d,二里ヶ浜
b4,5f,磯ノ浦
b4,61,加太
b5,51,深日町
b5,53,深日港
b5,55,多奈川
b6,23,伽羅橋
b6,25,高師浜
b7,3,りんくうタウン
b7,5,関西空港
b8,1,恵美須町
b8,15,東粉浜
b8,17,住吉
b8,19,住吉鳥居前
b8,1f,我孫子道
b8,29,妙国寺前
b8,2b,花田口
b8,33,御陵前
b8,39,船尾
b8,3d,浜寺駅前
b9,7,天王寺駅前
b9,15,帝塚山四丁目
b9,17,神ノ木
ba,1d,中百舌鳥
ba,67,深井
ba,6b,泉ヶ丘
ba,6d,栂・美木多
ba,6f,光明池
ba,71,和泉中央
c2,1,貝塚
c2,5,貝塚市役所前
c2,7,近義の里
c2,9,石才
c2,b,清児
c2,d,名越
c2,f,森
c2,11,三ツ松
c2,13,三ヶ山口
c2,15,水間観音
c5,2,淀屋橋
c5,4,北浜
c5,6,天満橋
c5,8,京橋
c5,c,野江
c5,e,関目
c5,10,森小路
c5,12,千林
c5,14,滝井
c5,16,土居
c5,18,守口市
c5,1a,西三荘
c5,1c,門真市
c5,1e,古川橋
c5,20,大和田
c5,22,萱島
c5,24,寝屋川市
c5,26,香里園
c5,28,光善寺
c5,2a,枚方公園
c5,2c,枚方市
c5,30,御殿山
c5,32,牧野
c5,34,樟葉
c5,36,橋本
c5,38,八幡市
c5,3a,淀
c5,3c,中書島
c5,40,伏見桃山
c5,42,丹波橋
c5,44,墨染
c5,46,藤森
c5,48,深草
c5,4c,伏見稲荷
c5,4e,鳥羽街道
c5,50,東福寺
c5,52,七条
c5,54,清水五条
c5,56,祇園四条
c5,58,三条
c5,5a,神宮丸太町
c5,5c,出町柳
c5,c2,八幡市
c5,ca,なにわ橋
c5,cc,大江橋
c5,ce,渡辺橋
c5,d0,中之島
c6,64,宮之阪
c6,66,星ヶ丘
c6,68,村野
c6,6a,郡津
c6,6c,交野市
c6,6e,河内森
c6,70,私市
c7,72,観月橋
c7,74,桃山南口
c7,76,六地蔵
c7,78,木幡
c7,7a,黄檗
c7,7c,三室戸
c7,7e,宇治
c8,8a,御陵
c8,8c,京阪山科
c8,8e,四宮
c8,90,追分
c8,92,大谷
c8,96,上栄町
c9,98,浜大津
c9,9a,島ノ関
c9,9c,石場
c9,9e,京阪膳所
c9,a0,錦
c9,a2,膳所本町
c9,a4,中ノ庄
c9,a6,瓦ヶ浜
c9,a8,粟津
c9,aa,京阪石山
c9,ac,唐橋前
c9,ae,石山寺
c9,b0,三井寺
c9,b2,別所
c9,b4,皇子山
c9,b6,近江神宮前
c9,b8,南滋賀
c9,ba,滋賀里
c9,be,穴太
c9,c0,松ノ馬場
c9,c2,坂本
ce,1,近鉄富田
d1,1,出町柳
d1,4,一乗寺
d4,4f,湊川
d4,52,長田
d4,54,丸山
d4,56,鵯越
d4,5a,鈴蘭台
d4,5c,北鈴蘭台
d4,5e,山の街
d4,60,箕谷
d4,62,谷上
d4,64,花山
d4,66,大池
d4,68,神鉄六甲
d4,6a,唐櫃台
d4,6c,有馬口
d4,70,有馬温泉
d5,6e,五社
d5,72,岡場
d5,74,田尾寺
d5,76,二郎
d5,78,道場南口
d5,7c,神鉄道場
d5,7e,横山
d5,80,三田本町
d5,82,三田
d5,84,フラワータウン
d5,86,南ウッディタウン
d5,88,ウッディタウン中央
d6,5a,鈴蘭台
d6,5c,鈴蘭台西口
d6,5d,西鈴蘭台
d6,5f,藍那
d6,62,木津
d6,64,木幡
d6,66,栄
d6,68,押部谷
d6,6a,緑が丘
d6,6c,広野ゴルフ場前
d6,6e,志染
d6,70,恵比須
d6,72,三木上の丸
d6,74,三木
d6,76,大村
d6,78,樫山
d6,7a,市場
d6,7c,小野
d6,7e,葉多
d6,80,粟生
d7,60,新神戸
d7,62,谷上
d9,50,西代
d9,52,板宿
d9,54,東須磨
d9,56,月見山
d9,58,須磨寺
d9,59,山陽須磨
d9,5b,須磨浦公園
d9,5d,山陽塩屋
d9,5f,滝の茶屋
d9,61,東垂水
d9,63,山陽垂水
d9,65,霞ヶ丘
d9,67,舞子公園
d9,69,西舞子
d9,6b,大蔵谷
d9,6c,人丸前
d9,6e,山陽明石
d9,70,西新町
d9,72,林崎松江海岸
d9,74,藤江
d9,76,中八木
d9,78,江井ヶ島
d9,7a,西江井ヶ島
d9,7c,山陽魚住
d9,7e,東二見
d9,7f,西二見
d9,80,播磨町
d9,82,別府
d9,84,浜の宮
d9,86,尾上の松
d9,88,高砂
d9,8a,荒井
d9,8c,伊保
d9,8e,山陽曽根
d9,90,大塩
d9,92,的形
d9,94,八家
d9,96,白浜の宮
d9,98,妻鹿
d9,9a,飾磨
d9,9c,亀山
d9,9e,手柄
d9,a0,山陽姫路
da,9c,西飾磨
da,9e,夢前川
da,a0,広畑
da,a2,山陽天満
da,a4,平松
da,a6,山陽網干
de,1,江坂
de,2,緑地公園
de,4,桃山台
de,5,千里中央
e3,1,大阪阿部野橋
e3,2,河堀口
e3,3,北田辺
e3,4,今川
e3,5,針中野
e3,6,矢田
e3,8,河内天美
e3,9,布忍
e3,a,高見ノ里
e3,b,河内松原
e3,d,恵我ノ荘
e3,e,高鷲
e3,f,藤井寺
e3,11,土師ノ里
e3,12,道明寺
e3,14,古市
e3,16,駒ヶ谷
e3,18,上ノ太子
e3,1c,二上山
e3,1d,二上神社口
e3,1f,当麻寺
e3,20,磐城
e3,21,尺土
e3,23,高田市
e3,24,浮孔
e3,25,坊城
e3,27,橿原神宮西口
e3,28,橿原神宮前
e3,29,岡寺
e3,2a,飛鳥
e3,2c,壺阪山
e3,2e,市尾
e3,30,葛
e3,32,吉野口
e3,34,薬水
e3,36,福神
e3,38,大阿太
e3,3a,下市口
e3,3c,越部
e3,3e,六田
e3,40,大和上市
e3,41,吉野神宮
e3,42,吉野
e4,3,柏原南口
e4,4,柏原
e5,4,喜志
e5,6,富田林
e5,7,富田林西口
e5,8,川西
e5,9,滝谷不動
e5,b,汐ノ宮
e5,d,河内長野
e6,3,近鉄新庄
e6,4,忍海
e6,5,近鉄御所
e7,1,大阪難波
e7,2,近鉄日本橋
e7,3,大阪上本町
e7,4,鶴橋
e7,6,今里
e7,7,布施
e7,8,俊徳道
e7,9,長瀬
e7,a,弥刀
e7,b,久宝寺口
e7,c,近鉄八尾
e7,e,河内山本
e7,f,高安
e7,10,恩智
e7,11,法善寺
e7,12,堅下
e7,13,安堂
e7,15,河内国分
e7,16,大阪教育大前
e7,18,関屋
e7,1a,二上
e7,1b,近鉄下田
e7,1c,五位堂
e7,1e,築山
e7,1f,大和高田
e7,21,松塚
e7,22,真菅
e7,24,大和八木
e7,26,耳成
e7,27,大福
e7,28,桜井
e7,2a,大和朝倉
e7,2d,長谷寺
e7,30,榛原
e7,35,室生口大野
e7,37,三本松
e7,3a,赤目口
e7,3d,名張
e7,3f,桔梗が丘
e7,42,美旗
e7,44,伊賀神戸
e7,46,青山町
e7,48,伊賀上津
e7,4c,西青山
e7,4f,東青山
e7,54,榊原温泉口
e7,56,大三
e7,59,伊勢石橋
e7,5b,川合高岡
e8,7,布施
e8,8,河内永和
e8,9,河内小阪
e8,a,八戸ノ里
e8,c,若江岩田
e8,d,河内花園
e8,e,東花園
e8,f,瓢箪山
e8,10,枚岡
e8,11,額田
e8,12,石切
e8,14,生駒
e8,15,東生駒
e8,17,富雄
e8,18,学園前
e8,19,菖蒲池
e8,1b,大和西大寺
e8,1d,新大宮
e8,1f,近鉄奈良
e9,1,京都
e9,2,東寺
e9,3,十条
e9,4,上鳥羽口
e9,5,竹田
e9,6,伏見
e9,7,近鉄丹波橋
e9,8,桃山御陵前
e9,a,向島
e9,c,小倉
e9,d,伊勢田
e9,e,大久保
e9,f,久津川
e9,10,寺田
e9,11,富野荘
e9,13,新田辺
e9,14,興戸
e9,15,三山木
e9,16,近鉄宮津
e9,17,狛田
e9,19,新祝園
e9,1a,木津川台
e9,1b,山田川
e9,1c,高の原
e9,1e,平城
e9,1f,大和西大寺
e9,21,尼ヶ辻
e9,22,西ノ京
e9,23,九条
e9,24,近鉄郡山
e9,26,筒井
e9,27,平端
e9,28,ファミリー公園前
e9,29,結崎
e9,2a,石見
e9,2c,田原本
e9,2d,笠縫
e9,2f,新ノ口
e9,30,大和八木
e9,31,八木西口
e9,33,畝傍御陵前
ea,1,生駒
ea,2,菜畑
ea,3,一分
ea,4,南生駒
ea,5,萩の台
ea,6,東山
ea,7,元山上口
ea,8,平群
ea,9,竜田川
ea,a,勢野北口
ea,d,信貴山下
ea,e,王寺
ea,f,新王寺
ea,11,大輪田
ea,12,佐味田川
ea,13,池部
ea,15,箸尾
ea,16,但馬
ea,17,黒田
ea,19,西田原本
eb,6,生駒山上
ec,2,二階堂
ec,4,前栽
ec,5,天理
ed,3,服部川
ed,4,信貴山口
ed,6,高安山
ee,b,茅町
ee,c,広小路
ee,d,上野市
ee,11,伊賀上野
ef,1,近鉄名古屋
ef,2,米野
ef,3,黄金
ef,4,烏森
ef,5,近鉄八田
ef,7,伏屋
ef,9,戸田
ef,a,近鉄蟹江
ef,c,富吉
ef,e,佐古木
ef,10,近鉄弥富
ef,13,近鉄長島
ef,16,桑名
ef,17,益生
ef,19,伊勢朝日
ef,1b,川越富洲原
ef,1d,近鉄富田
ef,1f,霞ヶ浦
ef,20,阿倉川
ef,21,川原町
ef,22,近鉄四日市
ef,23,新正
ef,24,海山道
ef,25,塩浜
ef,27,北楠
ef,29,楠
ef,2a,長太ノ浦
ef,2b,箕田
ef,2c,伊勢若松
ef,2e,千代崎
ef,30,白子
ef,31,鼓ヶ浦
ef,33,磯山
ef,35,千里
ef,37,豊津上野
ef,39,白塚
ef,3b,高田本山
ef,3c,江戸橋
ef,3d,津
ef,3f,津新町
ef,41,南が丘
ef,43,久居
ef,44,桃園
ef,47,伊勢中川
ef,49,伊勢中原
ef,4b,松ヶ崎
ef,4d,松阪
ef,4f,東松阪
ef,52,櫛田
ef,54,漕代
ef,55,斎宮
ef,57,明星
ef,59,明野
ef,5b,小俣
ef,5d,宮町
ef,5e,伊勢市
ef,5f,宇治山田
ef,61,五十鈴川
ef,63,朝熊
ef,67,池の浦
ef,69,鳥羽
ef,6a,中之郷
ef,6b,志摩赤崎
ef,78,志摩磯部
ef,7d,鵜方
ef,81,賢島
f0,3,柳
f0,5,鈴鹿市
f0,7,三日市
f0,9,平田町
f1,2,赤堀
f1,6,日永
f1,7,南日永
f1,8,泊
f1,9,追分
f1,a,小古曽
f1,b,内部
f1,41,西日野
f2,3,中川原
f2,4,伊勢松本
f2,6,伊勢川島
f2,7,高角
f2,9,桜
f2,b,菰野
f2,c,中菰野
f2,d,大羽根園
f2,f,湯の山温泉
f3,2,西桑名
f3,3,馬道
f3,4,西別所
f3,5,蓮花寺
f3,6,在良
f3,7,坂井橋
f3,b,六把野
f3,c,北大社
f4,5,下深谷
f4,9,多度
f4,13,駒野
f4,19,養老
f4,1b,美濃高田
f4,23,西大垣
f4,25,大垣
f4,32,揖斐
f8,2,長田
f8,4,荒本
f8,6,吉田
f8,8,新石切
f8,a,生駒
f8,c,白庭台
f8,e,学研北生駒
f8,10,学研奈良登美ヶ丘
fa,a5,西神中央
fa,a7,西神南
fa,a9,伊川谷
fa,aa,学園都市
fa,ad,総合運動公園
fa,af,名谷
fa,b1,妙法寺
fa,b3,板宿
fa,b4,新長田
fa,b5,長田
fa,b7,上沢
fa,b9,湊川公園
fa,bb,大倉山
fa,bd,県庁前
fa,be,三宮
fa,bf,新神戸
fb,ca,駒ヶ林
fb,cc,苅藻
fb,ce,御崎公園
fb,d0,和田岬
fb,d2,中央市場前
fb,d4,ハーバーランド
fb,d6,みなと元町
fb,d8,旧居留地・大丸前
fb,d9,三宮・花時計前
fe,a1,住吉
fe,a3,魚崎
fe,a5,南魚崎
fe,a7,アイランド北口
fe,a9,アイランドセンター
fe,ab,マリンパーク
ff,b5,三宮
ff,b7,貿易センター
ff,b9,ポートターミナル
ff,bb,中公園
ff,bd,みなとじま
ff,bf,市民広場
ff,c1,南公園
ff,c3,中埠頭
ff,c5,北埠頭
ff,c7,医療センター
ff,c9,計算科学センター
ff,cb,神戸空港
28,41,川西
2d,81,槻木
2d,83,東船岡
2d,85,岡
2d,87,横倉
2d,89,角田
2d,8b,南角田
2d,8d,北丸森
2d,8f,丸森
2d,91,あぶくま
2d,93,兜
2d,95,富野
2d,97,やながわ希望の森公園前
2d,99,梁川
2d,9b,新田
2d,9d,二井田
2d,9f,大泉
2d,a1,保原
2d,a3,上保原
2d,a5,高子
2d,a7,向瀬上
2d,a9,瀬上
2d,aa,福島学院前
2d,ab,卸町
2d,ad,福島
86,1,勝田
86,34,麻生
86,36,北34条
86,3e,さっぽろ
86,40,大通
86,42,すすきの
86,44,中島公園
88,32,栄町
88,34,新道東
88,42,豊水すすきの
89,1,石岡
8b,1,名取
8b,3,杜せきのした
8b,5,美田園
8b,7,仙台空港
8c,e,泉中央
8e,1,五井
91,1,高崎
91,d,吉井
91,13,上州富岡
91,1f,下仁田
91,41,六日町
91,46,しんざ
91,48,十日町
91,54,犀潟
91,81,軽井沢
91,83,中軽井沢
91,85,信濃追分
91,87,御代田
91,89,平原
91,8b,小諸
91,8d,滋野
91,8f,田中
91,91,大屋
91,92,信濃国分寺
91,93,上田
91,95,西上田
91,96,テクノさかき
91,97,坂城
91,99,戸倉
91,9b,屋代
91,9c,屋代高校前
91,9d,篠ノ井
ad,11,新藤原
b5,1,総社
b5,3,清音
b5,5,川辺宿
b5,7,吉備真備
b5,9,備中呉妹
b5,b,三谷
b5,d,矢掛
b5,f,小田
b5,11,早雲の里荏原
b5,13,井原
b5,15,いずえ
b5,17,子守唄の里高屋
b5,19,御領
b5,1b,湯野
b5,1d,神辺
bc,18,郵便局前
be,15,本通
be,17,県庁前
be,19,城北
be,1d,白島
be,1f,牛田
be,21,不動院前
be,23,祇園新橋北
be,25,西原
be,27,中筋
be,29,古市
be,2b,大町
be,2d,毘沙門台
be,2f,安東
be,31,上安
be,33,高取
be,35,長楽寺
be,37,伴
be,39,大原
be,3b,伴中央
be,3f,大塚
be,41,広域公園前
c0,12,恋山形
c0,14,智頭
c1,1,福知山
c1,3,厚中問屋
c1,5,荒河かしの木台
c1,7,牧
c1,9,下天津
c1,b,公庄
c1,d,大江
c2,1,貝塚
c2,15,水間
c3,1,高松築港
c3,3,片原町
c3,5,瓦町
c3,7,栗林公園
c3,9,三条
c3,d,太田
c3,f,仏生山
c3,11,空港通り
c3,13,一宮
c3,15,円座
c3,17,岡本
c3,19,挿頭丘
c3,1b,畑田
c3,1d,陶
c3,1e,綾川
c3,1f,滝宮
c3,21,羽床
c3,23,栗熊
c3,25,岡田
c3,27,羽間
c3,29,榎井
c3,2b,琴電琴平
c3,43,花園
c3,47,林道
c3,49,木田東口
c3,4b,元山
c3,4d,水田
c3,4f,西前田
c3,51,高田
c3,53,池戸
c3,55,農学部前
c3,57,平木
c3,59,学園通り
c3,5b,白山
c3,5d,井戸
c3,5f,公文明
c3,61,長尾
c3,83,今橋
c3,85,松島二丁目
c3,87,沖松島
c3,89,春日川
c3,8d,潟元
c3,8f,琴電屋島
c3,91,古高松
c3,93,八栗
c3,95,六万寺
c3,97,大町
c3,99,八栗新道
c3,9b,塩屋
c3,9d,房前
c3,9f,原
c3,a1,志度
c3,e1,琴電車掌端末
c3,e2,琴電本社
c3,e3,瓦事務
c3,ea,築港営業所
cb,1,大垣
cb,3,東大垣
cb,5,横屋
cb,7,十九条
cb,9,美江寺
cb,b,北方真桑
cb,c,モレラ岐阜
cb,d,糸貫
cb,f,本巣
cb,10,織部
cb,11,木知原
d6,33,津屋崎
d6,35,宮地岳
d6,37,西鉄福間
d6,39,花見
d6,3b,西鉄古賀
d6,3d,古賀ゴルフ場前
d6,3f,西鉄新宮
d6,41,三苫
d6,43,和白
d6,45,唐の原
d6,47,香椎花園前
d6,49,西鉄香椎
d6,4b,香椎宮前
d6,4d,西鉄千早
d6,4f,名島
d6,51,貝塚
d7,65,西鉄福岡(天神)
d7,67,薬院
d7,69,西鉄平尾
d7,6b,高宮
d7,6d,大橋
d7,6f,井尻
d7,70,井尻
d7,71,雑餉隈
d7,73,春日原
d7,75,白木原
d7,77,下大利
d7,79,都府楼前
d7,7b,西鉄二日市
d7,7c,紫
d7,7d,朝倉街道
d7,7f,桜台
d7,81,筑紫
d7,83,津古
d7,84,三国が丘
d7,85,三沢
d7,87,大保
d7,89,西鉄小郡
d7,8b,端間
d7,8d,味坂
d7,8f,宮の陣
d7,91,櫛原
d7,93,西鉄久留米
d7,95,花畑
d7,97,試験場前
d7,99,津福
d7,9b,安武
d7,9d,大善寺
d7,ab,西鉄柳川
d7,b9,倉永
d7,bb,東甘木
d7,bd,西鉄銀水
d7,bf,新栄町
d7,c1,大牟田
d8,2,五条
d8,4,太宰府
d9,1,宮の陣
d9,2,五郎丸
d9,8,北野
d9,16,甘木
dd,1,諫早
e7,1,姪浜
e7,3,室見
e7,5,藤崎
e7,7,西新
e7,9,唐人町
e7,b,大濠公園
e7,d,赤坂
e7,f,天神
e7,11,中洲川端
e7,13,祇園
e7,15,博多
e7,17,東比恵
e7,19,福岡空港
e8,1,中洲川端
e8,3,呉服町
e8,5,千代県庁口
e8,7,馬出九大病院前
e8,9,箱崎宮前
e8,b,箱崎九大前
e8,d,貝塚
e9,1,橋本
e9,3,次郎丸
e9,5,賀茂
e9,7,野芥
e9,9,梅林
e9,b,福大前
e9,d,七隈
e9,f,金山
e9,11,茶山
e9,13,別府
e9,15,六本松
e9,17,桜坂
e9,19,薬院大通
e9,1b,薬院
e9,1d,渡辺通
e9,1f,天神南